TimeQuest Timing Analyzer report for top
Fri Nov 22 14:58:25 2024
Quartus II 64-Bit Version 15.0.2 Build 153 07/15/2015 SJ Web Edition


---------------------
; Table of Contents ;
---------------------
  1. Legal Notice
  2. TimeQuest Timing Analyzer Summary
  3. Parallel Compilation
  4. Clocks
  5. Slow 1200mV 85C Model Fmax Summary
  6. Timing Closure Recommendations
  7. Slow 1200mV 85C Model Setup Summary
  8. Slow 1200mV 85C Model Hold Summary
  9. Slow 1200mV 85C Model Recovery Summary
 10. Slow 1200mV 85C Model Removal Summary
 11. Slow 1200mV 85C Model Minimum Pulse Width Summary
 12. Slow 1200mV 85C Model Setup: 'clk'
 13. Slow 1200mV 85C Model Hold: 'clk'
 14. Slow 1200mV 85C Model Minimum Pulse Width: 'clk'
 15. Setup Times
 16. Hold Times
 17. Clock to Output Times
 18. Minimum Clock to Output Times
 19. Slow 1200mV 85C Model Metastability Summary
 20. Slow 1200mV 0C Model Fmax Summary
 21. Slow 1200mV 0C Model Setup Summary
 22. Slow 1200mV 0C Model Hold Summary
 23. Slow 1200mV 0C Model Recovery Summary
 24. Slow 1200mV 0C Model Removal Summary
 25. Slow 1200mV 0C Model Minimum Pulse Width Summary
 26. Slow 1200mV 0C Model Setup: 'clk'
 27. Slow 1200mV 0C Model Hold: 'clk'
 28. Slow 1200mV 0C Model Minimum Pulse Width: 'clk'
 29. Setup Times
 30. Hold Times
 31. Clock to Output Times
 32. Minimum Clock to Output Times
 33. Slow 1200mV 0C Model Metastability Summary
 34. Fast 1200mV 0C Model Setup Summary
 35. Fast 1200mV 0C Model Hold Summary
 36. Fast 1200mV 0C Model Recovery Summary
 37. Fast 1200mV 0C Model Removal Summary
 38. Fast 1200mV 0C Model Minimum Pulse Width Summary
 39. Fast 1200mV 0C Model Setup: 'clk'
 40. Fast 1200mV 0C Model Hold: 'clk'
 41. Fast 1200mV 0C Model Minimum Pulse Width: 'clk'
 42. Setup Times
 43. Hold Times
 44. Clock to Output Times
 45. Minimum Clock to Output Times
 46. Fast 1200mV 0C Model Metastability Summary
 47. Multicorner Timing Analysis Summary
 48. Setup Times
 49. Hold Times
 50. Clock to Output Times
 51. Minimum Clock to Output Times
 52. Board Trace Model Assignments
 53. Input Transition Times
 54. Signal Integrity Metrics (Slow 1200mv 0c Model)
 55. Signal Integrity Metrics (Slow 1200mv 85c Model)
 56. Signal Integrity Metrics (Fast 1200mv 0c Model)
 57. Setup Transfers
 58. Hold Transfers
 59. Report TCCS
 60. Report RSKM
 61. Unconstrained Paths
 62. TimeQuest Timing Analyzer Messages



----------------
; Legal Notice ;
----------------
Copyright (C) 1991-2015 Altera Corporation. All rights reserved.
Your use of Altera Corporation's design tools, logic functions 
and other software and tools, and its AMPP partner logic 
functions, and any output files from any of the foregoing 
(including device programming or simulation files), and any 
associated documentation or information are expressly subject 
to the terms and conditions of the Altera Program License 
Subscription Agreement, the Altera Quartus II License Agreement,
the Altera MegaCore Function License Agreement, or other 
applicable license agreement, including, without limitation, 
that your use is for the sole purpose of programming logic 
devices manufactured by Altera and sold by Altera or its 
authorized distributors.  Please refer to the applicable 
agreement for further details.



+-------------------------------------------------------------------------+
; TimeQuest Timing Analyzer Summary                                       ;
+--------------------+----------------------------------------------------+
; Quartus II Version ; Version 15.0.2 Build 153 07/15/2015 SJ Web Edition ;
; Revision Name      ; top                                                ;
; Device Family      ; Cyclone IV E                                       ;
; Device Name        ; EP4CE115F29C7                                      ;
; Timing Models      ; Final                                              ;
; Delay Model        ; Combined                                           ;
; Rise/Fall Delays   ; Enabled                                            ;
+--------------------+----------------------------------------------------+


Parallel compilation was disabled, but you have multiple processors available. Enable parallel compilation to reduce compilation time.
+-------------------------------------+
; Parallel Compilation                ;
+----------------------------+--------+
; Processors                 ; Number ;
+----------------------------+--------+
; Number detected on machine ; 8      ;
; Maximum allowed            ; 1      ;
+----------------------------+--------+


+---------------------------------------------------------------------------------------------------------------------------------------------------------------------------------+
; Clocks                                                                                                                                                                          ;
+------------+------+--------+------------+-------+-------+------------+-----------+-------------+-------+--------+-----------+------------+----------+--------+--------+---------+
; Clock Name ; Type ; Period ; Frequency  ; Rise  ; Fall  ; Duty Cycle ; Divide by ; Multiply by ; Phase ; Offset ; Edge List ; Edge Shift ; Inverted ; Master ; Source ; Targets ;
+------------+------+--------+------------+-------+-------+------------+-----------+-------------+-------+--------+-----------+------------+----------+--------+--------+---------+
; clk        ; Base ; 1.000  ; 1000.0 MHz ; 0.000 ; 0.500 ;            ;           ;             ;       ;        ;           ;            ;          ;        ;        ; { clk } ;
+------------+------+--------+------------+-------+-------+------------+-----------+-------------+-------+--------+-----------+------------+----------+--------+--------+---------+


+-------------------------------------------------+
; Slow 1200mV 85C Model Fmax Summary              ;
+-----------+-----------------+------------+------+
; Fmax      ; Restricted Fmax ; Clock Name ; Note ;
+-----------+-----------------+------------+------+
; 42.18 MHz ; 42.18 MHz       ; clk        ;      ;
+-----------+-----------------+------------+------+
This panel reports FMAX for every clock in the design, regardless of the user-specified clock periods.  FMAX is only computed for paths where the source and destination registers or ports are driven by the same clock.  Paths of different clocks, including generated clocks, are ignored.  For paths between a clock and its inversion, FMAX is computed as if the rising and falling edges are scaled along with FMAX, such that the duty cycle (in terms of a percentage) is maintained. Altera recommends that you always use clock constraints and other slack reports for sign-off analysis.


----------------------------------
; Timing Closure Recommendations ;
----------------------------------
HTML report is unavailable in plain text report export.


+-------------------------------------+
; Slow 1200mV 85C Model Setup Summary ;
+-------+---------+-------------------+
; Clock ; Slack   ; End Point TNS     ;
+-------+---------+-------------------+
; clk   ; -22.708 ; -550.165          ;
+-------+---------+-------------------+


+------------------------------------+
; Slow 1200mV 85C Model Hold Summary ;
+-------+-------+--------------------+
; Clock ; Slack ; End Point TNS      ;
+-------+-------+--------------------+
; clk   ; 1.434 ; 0.000              ;
+-------+-------+--------------------+


------------------------------------------
; Slow 1200mV 85C Model Recovery Summary ;
------------------------------------------
No paths to report.


-----------------------------------------
; Slow 1200mV 85C Model Removal Summary ;
-----------------------------------------
No paths to report.


+---------------------------------------------------+
; Slow 1200mV 85C Model Minimum Pulse Width Summary ;
+-------+--------+----------------------------------+
; Clock ; Slack  ; End Point TNS                    ;
+-------+--------+----------------------------------+
; clk   ; -3.000 ; -80.100                          ;
+-------+--------+----------------------------------+


+-------------------------------------------------------------------------------------------------------------+
; Slow 1200mV 85C Model Setup: 'clk'                                                                          ;
+---------+------------+----------------+--------------+-------------+--------------+------------+------------+
; Slack   ; From Node  ; To Node        ; Launch Clock ; Latch Clock ; Relationship ; Clock Skew ; Data Delay ;
+---------+------------+----------------+--------------+-------------+--------------+------------+------------+
; -22.708 ; abs_X0[16] ; X0_hundreds[2] ; clk          ; clk         ; 1.000        ; 0.340      ; 24.046     ;
; -22.707 ; abs_X0[16] ; X0_hundreds[1] ; clk          ; clk         ; 1.000        ; 0.340      ; 24.045     ;
; -22.706 ; abs_X0[16] ; X0_hundreds[3] ; clk          ; clk         ; 1.000        ; 0.340      ; 24.044     ;
; -22.413 ; abs_X0[16] ; X0_hundreds[0] ; clk          ; clk         ; 1.000        ; 0.340      ; 23.751     ;
; -21.995 ; abs_X1[16] ; X1_hundreds[0] ; clk          ; clk         ; 1.000        ; 0.336      ; 23.329     ;
; -21.944 ; abs_X1[16] ; X1_hundreds[2] ; clk          ; clk         ; 1.000        ; 0.335      ; 23.277     ;
; -21.746 ; abs_X1[16] ; X1_hundreds[3] ; clk          ; clk         ; 1.000        ; 0.335      ; 23.079     ;
; -21.745 ; abs_X1[16] ; X1_hundreds[1] ; clk          ; clk         ; 1.000        ; 0.335      ; 23.078     ;
; -21.042 ; abs_X1[16] ; X1_tens[0]     ; clk          ; clk         ; 1.000        ; 0.322      ; 22.362     ;
; -20.910 ; abs_X1[16] ; X1_tens[3]     ; clk          ; clk         ; 1.000        ; 0.327      ; 22.235     ;
; -20.896 ; abs_X1[16] ; X1_tens[1]     ; clk          ; clk         ; 1.000        ; 0.327      ; 22.221     ;
; -20.621 ; abs_X1[16] ; X1_tens[2]     ; clk          ; clk         ; 1.000        ; 0.327      ; 21.946     ;
; -20.550 ; abs_X1[16] ; X1_ones[1]     ; clk          ; clk         ; 1.000        ; -0.103     ; 21.445     ;
; -20.272 ; abs_X0[16] ; X0_ones[1]     ; clk          ; clk         ; 1.000        ; -0.072     ; 21.198     ;
; -20.271 ; abs_X0[16] ; X0_ones[2]     ; clk          ; clk         ; 1.000        ; -0.072     ; 21.197     ;
; -20.271 ; abs_X0[16] ; X0_ones[3]     ; clk          ; clk         ; 1.000        ; -0.072     ; 21.197     ;
; -20.175 ; abs_X0[16] ; X0_tens[0]     ; clk          ; clk         ; 1.000        ; -0.095     ; 21.078     ;
; -20.134 ; abs_X1[16] ; X1_ones[2]     ; clk          ; clk         ; 1.000        ; 0.312      ; 21.444     ;
; -20.132 ; abs_X1[16] ; X1_ones[3]     ; clk          ; clk         ; 1.000        ; 0.312      ; 21.442     ;
; -19.924 ; abs_X0[16] ; X0_tens[3]     ; clk          ; clk         ; 1.000        ; 0.317      ; 21.239     ;
; -19.764 ; abs_X0[16] ; X0_tens[1]     ; clk          ; clk         ; 1.000        ; 0.317      ; 21.079     ;
; -19.764 ; abs_X0[16] ; X0_tens[2]     ; clk          ; clk         ; 1.000        ; 0.317      ; 21.079     ;
; -19.603 ; abs_X1[8]  ; X1_tens[0]     ; clk          ; clk         ; 1.000        ; 0.322      ; 20.923     ;
; -19.471 ; abs_X1[8]  ; X1_tens[3]     ; clk          ; clk         ; 1.000        ; 0.327      ; 20.796     ;
; -19.457 ; abs_X1[8]  ; X1_tens[1]     ; clk          ; clk         ; 1.000        ; 0.327      ; 20.782     ;
; -19.393 ; abs_X1[8]  ; X1_ones[1]     ; clk          ; clk         ; 1.000        ; -0.103     ; 20.288     ;
; -19.182 ; abs_X1[8]  ; X1_tens[2]     ; clk          ; clk         ; 1.000        ; 0.327      ; 20.507     ;
; -18.977 ; abs_X1[8]  ; X1_ones[2]     ; clk          ; clk         ; 1.000        ; 0.312      ; 20.287     ;
; -18.975 ; abs_X1[8]  ; X1_ones[3]     ; clk          ; clk         ; 1.000        ; 0.312      ; 20.285     ;
; -18.945 ; abs_X0[8]  ; X0_tens[0]     ; clk          ; clk         ; 1.000        ; -0.095     ; 19.848     ;
; -18.786 ; abs_X0[8]  ; X0_hundreds[2] ; clk          ; clk         ; 1.000        ; 0.340      ; 20.124     ;
; -18.785 ; abs_X0[8]  ; X0_hundreds[1] ; clk          ; clk         ; 1.000        ; 0.340      ; 20.123     ;
; -18.784 ; abs_X0[8]  ; X0_hundreds[3] ; clk          ; clk         ; 1.000        ; 0.340      ; 20.122     ;
; -18.694 ; abs_X0[8]  ; X0_tens[3]     ; clk          ; clk         ; 1.000        ; 0.317      ; 20.009     ;
; -18.605 ; abs_X0[8]  ; X0_ones[1]     ; clk          ; clk         ; 1.000        ; -0.072     ; 19.531     ;
; -18.604 ; abs_X0[8]  ; X0_ones[2]     ; clk          ; clk         ; 1.000        ; -0.072     ; 19.530     ;
; -18.604 ; abs_X0[8]  ; X0_ones[3]     ; clk          ; clk         ; 1.000        ; -0.072     ; 19.530     ;
; -18.534 ; abs_X0[8]  ; X0_tens[1]     ; clk          ; clk         ; 1.000        ; 0.317      ; 19.849     ;
; -18.534 ; abs_X0[8]  ; X0_tens[2]     ; clk          ; clk         ; 1.000        ; 0.317      ; 19.849     ;
; -18.491 ; abs_X0[8]  ; X0_hundreds[0] ; clk          ; clk         ; 1.000        ; 0.340      ; 19.829     ;
; -18.072 ; abs_X1[8]  ; X1_hundreds[0] ; clk          ; clk         ; 1.000        ; 0.336      ; 19.406     ;
; -18.031 ; abs_X1[8]  ; X1_hundreds[2] ; clk          ; clk         ; 1.000        ; 0.335      ; 19.364     ;
; -17.833 ; abs_X1[8]  ; X1_hundreds[3] ; clk          ; clk         ; 1.000        ; 0.335      ; 19.166     ;
; -17.832 ; abs_X1[8]  ; X1_hundreds[1] ; clk          ; clk         ; 1.000        ; 0.335      ; 19.165     ;
; -17.375 ; abs_X1[7]  ; X1_tens[0]     ; clk          ; clk         ; 1.000        ; 0.322      ; 18.695     ;
; -17.243 ; abs_X1[7]  ; X1_tens[3]     ; clk          ; clk         ; 1.000        ; 0.327      ; 18.568     ;
; -17.229 ; abs_X1[7]  ; X1_tens[1]     ; clk          ; clk         ; 1.000        ; 0.327      ; 18.554     ;
; -17.121 ; abs_X1[7]  ; X1_ones[1]     ; clk          ; clk         ; 1.000        ; -0.103     ; 18.016     ;
; -16.954 ; abs_X1[7]  ; X1_tens[2]     ; clk          ; clk         ; 1.000        ; 0.327      ; 18.279     ;
; -16.705 ; abs_X1[7]  ; X1_ones[2]     ; clk          ; clk         ; 1.000        ; 0.312      ; 18.015     ;
; -16.703 ; abs_X1[7]  ; X1_ones[3]     ; clk          ; clk         ; 1.000        ; 0.312      ; 18.013     ;
; -16.584 ; abs_X0[7]  ; X0_hundreds[2] ; clk          ; clk         ; 1.000        ; 0.340      ; 17.922     ;
; -16.583 ; abs_X0[7]  ; X0_hundreds[1] ; clk          ; clk         ; 1.000        ; 0.340      ; 17.921     ;
; -16.582 ; abs_X0[7]  ; X0_hundreds[3] ; clk          ; clk         ; 1.000        ; 0.340      ; 17.920     ;
; -16.549 ; abs_X0[7]  ; X0_tens[0]     ; clk          ; clk         ; 1.000        ; -0.095     ; 17.452     ;
; -16.447 ; abs_X0[7]  ; X0_ones[1]     ; clk          ; clk         ; 1.000        ; -0.072     ; 17.373     ;
; -16.446 ; abs_X0[7]  ; X0_ones[2]     ; clk          ; clk         ; 1.000        ; -0.072     ; 17.372     ;
; -16.446 ; abs_X0[7]  ; X0_ones[3]     ; clk          ; clk         ; 1.000        ; -0.072     ; 17.372     ;
; -16.298 ; abs_X0[7]  ; X0_tens[3]     ; clk          ; clk         ; 1.000        ; 0.317      ; 17.613     ;
; -16.289 ; abs_X0[7]  ; X0_hundreds[0] ; clk          ; clk         ; 1.000        ; 0.340      ; 17.627     ;
; -16.138 ; abs_X0[7]  ; X0_tens[1]     ; clk          ; clk         ; 1.000        ; 0.317      ; 17.453     ;
; -16.138 ; abs_X0[7]  ; X0_tens[2]     ; clk          ; clk         ; 1.000        ; 0.317      ; 17.453     ;
; -15.354 ; abs_X1[7]  ; X1_hundreds[0] ; clk          ; clk         ; 1.000        ; 0.336      ; 16.688     ;
; -15.303 ; abs_X1[7]  ; X1_hundreds[2] ; clk          ; clk         ; 1.000        ; 0.335      ; 16.636     ;
; -15.167 ; abs_X1[6]  ; X1_tens[0]     ; clk          ; clk         ; 1.000        ; 0.322      ; 16.487     ;
; -15.105 ; abs_X1[7]  ; X1_hundreds[3] ; clk          ; clk         ; 1.000        ; 0.335      ; 16.438     ;
; -15.104 ; abs_X1[7]  ; X1_hundreds[1] ; clk          ; clk         ; 1.000        ; 0.335      ; 16.437     ;
; -15.064 ; abs_X1[6]  ; X1_ones[1]     ; clk          ; clk         ; 1.000        ; -0.103     ; 15.959     ;
; -15.049 ; abs_X1[6]  ; X1_tens[1]     ; clk          ; clk         ; 1.000        ; 0.327      ; 16.374     ;
; -15.035 ; abs_X1[6]  ; X1_tens[3]     ; clk          ; clk         ; 1.000        ; 0.327      ; 16.360     ;
; -14.746 ; abs_X1[6]  ; X1_tens[2]     ; clk          ; clk         ; 1.000        ; 0.327      ; 16.071     ;
; -14.667 ; abs_X0[6]  ; X0_tens[0]     ; clk          ; clk         ; 1.000        ; -0.095     ; 15.570     ;
; -14.648 ; abs_X1[6]  ; X1_ones[2]     ; clk          ; clk         ; 1.000        ; 0.312      ; 15.958     ;
; -14.646 ; abs_X1[6]  ; X1_ones[3]     ; clk          ; clk         ; 1.000        ; 0.312      ; 15.956     ;
; -14.416 ; abs_X0[6]  ; X0_tens[3]     ; clk          ; clk         ; 1.000        ; 0.317      ; 15.731     ;
; -14.329 ; abs_X0[6]  ; X0_ones[1]     ; clk          ; clk         ; 1.000        ; -0.072     ; 15.255     ;
; -14.328 ; abs_X0[6]  ; X0_ones[2]     ; clk          ; clk         ; 1.000        ; -0.072     ; 15.254     ;
; -14.328 ; abs_X0[6]  ; X0_ones[3]     ; clk          ; clk         ; 1.000        ; -0.072     ; 15.254     ;
; -14.256 ; abs_X0[6]  ; X0_tens[1]     ; clk          ; clk         ; 1.000        ; 0.317      ; 15.571     ;
; -14.256 ; abs_X0[6]  ; X0_tens[2]     ; clk          ; clk         ; 1.000        ; 0.317      ; 15.571     ;
; -13.740 ; abs_X0[6]  ; X0_hundreds[2] ; clk          ; clk         ; 1.000        ; 0.340      ; 15.078     ;
; -13.739 ; abs_X0[6]  ; X0_hundreds[1] ; clk          ; clk         ; 1.000        ; 0.340      ; 15.077     ;
; -13.738 ; abs_X0[6]  ; X0_hundreds[3] ; clk          ; clk         ; 1.000        ; 0.340      ; 15.076     ;
; -13.609 ; abs_X1[5]  ; X1_tens[0]     ; clk          ; clk         ; 1.000        ; 0.322      ; 14.929     ;
; -13.486 ; abs_X1[5]  ; X1_tens[1]     ; clk          ; clk         ; 1.000        ; 0.327      ; 14.811     ;
; -13.477 ; abs_X1[5]  ; X1_tens[3]     ; clk          ; clk         ; 1.000        ; 0.327      ; 14.802     ;
; -13.445 ; abs_X0[6]  ; X0_hundreds[0] ; clk          ; clk         ; 1.000        ; 0.340      ; 14.783     ;
; -13.188 ; abs_X1[5]  ; X1_tens[2]     ; clk          ; clk         ; 1.000        ; 0.327      ; 14.513     ;
; -12.884 ; abs_X1[6]  ; X1_hundreds[0] ; clk          ; clk         ; 1.000        ; 0.336      ; 14.218     ;
; -12.857 ; abs_X1[5]  ; X1_ones[1]     ; clk          ; clk         ; 1.000        ; -0.103     ; 13.752     ;
; -12.803 ; abs_X1[6]  ; X1_hundreds[2] ; clk          ; clk         ; 1.000        ; 0.335      ; 14.136     ;
; -12.659 ; abs_X0[5]  ; X0_ones[1]     ; clk          ; clk         ; 1.000        ; -0.072     ; 13.585     ;
; -12.658 ; abs_X0[5]  ; X0_ones[2]     ; clk          ; clk         ; 1.000        ; -0.072     ; 13.584     ;
; -12.658 ; abs_X0[5]  ; X0_ones[3]     ; clk          ; clk         ; 1.000        ; -0.072     ; 13.584     ;
; -12.613 ; abs_X1[6]  ; X1_hundreds[3] ; clk          ; clk         ; 1.000        ; 0.335      ; 13.946     ;
; -12.611 ; abs_X1[6]  ; X1_hundreds[1] ; clk          ; clk         ; 1.000        ; 0.335      ; 13.944     ;
; -12.441 ; abs_X1[5]  ; X1_ones[2]     ; clk          ; clk         ; 1.000        ; 0.312      ; 13.751     ;
; -12.439 ; abs_X1[5]  ; X1_ones[3]     ; clk          ; clk         ; 1.000        ; 0.312      ; 13.749     ;
; -12.360 ; abs_X0[5]  ; X0_tens[0]     ; clk          ; clk         ; 1.000        ; -0.095     ; 13.263     ;
; -12.109 ; abs_X0[5]  ; X0_tens[3]     ; clk          ; clk         ; 1.000        ; 0.317      ; 13.424     ;
+---------+------------+----------------+--------------+-------------+--------------+------------+------------+


+----------------------------------------------------------------------------------------------------------+
; Slow 1200mV 85C Model Hold: 'clk'                                                                        ;
+-------+-----------+----------------+--------------+-------------+--------------+------------+------------+
; Slack ; From Node ; To Node        ; Launch Clock ; Latch Clock ; Relationship ; Clock Skew ; Data Delay ;
+-------+-----------+----------------+--------------+-------------+--------------+------------+------------+
; 1.434 ; abs_X0[0] ; X0_ones[0]     ; clk          ; clk         ; 0.000        ; -0.305     ; 1.315      ;
; 1.491 ; x1[1]     ; abs_X0[1]      ; clk          ; clk         ; 0.000        ; 0.477      ; 2.154      ;
; 1.510 ; abs_X0[1] ; X0_ones[1]     ; clk          ; clk         ; 0.000        ; -0.247     ; 1.449      ;
; 1.524 ; x0[0]     ; abs_X0[0]      ; clk          ; clk         ; 0.000        ; 0.477      ; 2.187      ;
; 1.548 ; x0[10]    ; abs_X0[16]     ; clk          ; clk         ; 0.000        ; 0.078      ; 1.812      ;
; 1.587 ; x0[10]    ; abs_X0[0]      ; clk          ; clk         ; 0.000        ; 0.477      ; 2.250      ;
; 1.587 ; x0[10]    ; abs_X0[1]      ; clk          ; clk         ; 0.000        ; 0.477      ; 2.250      ;
; 1.632 ; x0[1]     ; abs_X0[1]      ; clk          ; clk         ; 0.000        ; 0.479      ; 2.297      ;
; 1.722 ; x0[10]    ; abs_X0[7]      ; clk          ; clk         ; 0.000        ; 0.078      ; 1.986      ;
; 1.740 ; x1[10]    ; abs_X0[16]     ; clk          ; clk         ; 0.000        ; 0.078      ; 2.004      ;
; 1.779 ; x1[10]    ; abs_X0[0]      ; clk          ; clk         ; 0.000        ; 0.477      ; 2.442      ;
; 1.779 ; x1[10]    ; abs_X0[1]      ; clk          ; clk         ; 0.000        ; 0.477      ; 2.442      ;
; 1.782 ; x0[10]    ; abs_X0[8]      ; clk          ; clk         ; 0.000        ; 0.078      ; 2.046      ;
; 1.791 ; x0[0]     ; abs_X0[1]      ; clk          ; clk         ; 0.000        ; 0.477      ; 2.454      ;
; 1.854 ; x1[5]     ; abs_X0[5]      ; clk          ; clk         ; 0.000        ; 0.078      ; 2.118      ;
; 1.873 ; x1[3]     ; abs_X0[3]      ; clk          ; clk         ; 0.000        ; 0.078      ; 2.137      ;
; 1.890 ; x0[4]     ; abs_X0[4]      ; clk          ; clk         ; 0.000        ; 0.078      ; 2.154      ;
; 1.898 ; x1[0]     ; abs_X0[0]      ; clk          ; clk         ; 0.000        ; 0.479      ; 2.563      ;
; 1.913 ; x1[10]    ; abs_X0[7]      ; clk          ; clk         ; 0.000        ; 0.078      ; 2.177      ;
; 1.974 ; x1[10]    ; abs_X0[8]      ; clk          ; clk         ; 0.000        ; 0.078      ; 2.238      ;
; 1.977 ; x1[5]     ; abs_X0[16]     ; clk          ; clk         ; 0.000        ; 0.078      ; 2.241      ;
; 1.986 ; x0[10]    ; abs_X0[6]      ; clk          ; clk         ; 0.000        ; 0.078      ; 2.250      ;
; 1.986 ; x0[10]    ; abs_X0[5]      ; clk          ; clk         ; 0.000        ; 0.078      ; 2.250      ;
; 1.986 ; x0[10]    ; abs_X0[4]      ; clk          ; clk         ; 0.000        ; 0.078      ; 2.250      ;
; 1.986 ; x0[10]    ; abs_X0[3]      ; clk          ; clk         ; 0.000        ; 0.078      ; 2.250      ;
; 1.986 ; x0[10]    ; abs_X0[2]      ; clk          ; clk         ; 0.000        ; 0.078      ; 2.250      ;
; 1.997 ; x0[4]     ; abs_X0[16]     ; clk          ; clk         ; 0.000        ; 0.078      ; 2.261      ;
; 2.016 ; x0[5]     ; abs_X0[5]      ; clk          ; clk         ; 0.000        ; 0.080      ; 2.282      ;
; 2.016 ; x1[5]     ; abs_X0[0]      ; clk          ; clk         ; 0.000        ; 0.477      ; 2.679      ;
; 2.016 ; x1[5]     ; abs_X0[1]      ; clk          ; clk         ; 0.000        ; 0.477      ; 2.679      ;
; 2.017 ; x0[6]     ; abs_X0[16]     ; clk          ; clk         ; 0.000        ; 0.078      ; 2.281      ;
; 2.026 ; x0[6]     ; abs_X0[6]      ; clk          ; clk         ; 0.000        ; 0.078      ; 2.290      ;
; 2.036 ; x0[4]     ; abs_X0[0]      ; clk          ; clk         ; 0.000        ; 0.477      ; 2.699      ;
; 2.036 ; x0[4]     ; abs_X0[1]      ; clk          ; clk         ; 0.000        ; 0.477      ; 2.699      ;
; 2.056 ; x0[6]     ; abs_X0[0]      ; clk          ; clk         ; 0.000        ; 0.477      ; 2.719      ;
; 2.056 ; x0[6]     ; abs_X0[1]      ; clk          ; clk         ; 0.000        ; 0.477      ; 2.719      ;
; 2.061 ; x0[2]     ; abs_X0[2]      ; clk          ; clk         ; 0.000        ; 0.078      ; 2.325      ;
; 2.069 ; x1[6]     ; abs_X0[16]     ; clk          ; clk         ; 0.000        ; 0.080      ; 2.335      ;
; 2.077 ; x1[6]     ; abs_X0[6]      ; clk          ; clk         ; 0.000        ; 0.080      ; 2.343      ;
; 2.105 ; x1[3]     ; abs_X0[16]     ; clk          ; clk         ; 0.000        ; 0.078      ; 2.369      ;
; 2.108 ; abs_X0[2] ; X0_ones[2]     ; clk          ; clk         ; 0.000        ; 0.136      ; 2.430      ;
; 2.108 ; x1[6]     ; abs_X0[0]      ; clk          ; clk         ; 0.000        ; 0.479      ; 2.773      ;
; 2.108 ; x1[6]     ; abs_X0[1]      ; clk          ; clk         ; 0.000        ; 0.479      ; 2.773      ;
; 2.137 ; x0[5]     ; abs_X0[16]     ; clk          ; clk         ; 0.000        ; 0.080      ; 2.403      ;
; 2.141 ; x1[5]     ; abs_X0[7]      ; clk          ; clk         ; 0.000        ; 0.078      ; 2.405      ;
; 2.144 ; x1[3]     ; abs_X0[0]      ; clk          ; clk         ; 0.000        ; 0.477      ; 2.807      ;
; 2.144 ; x1[3]     ; abs_X0[1]      ; clk          ; clk         ; 0.000        ; 0.477      ; 2.807      ;
; 2.161 ; x0[4]     ; abs_X0[7]      ; clk          ; clk         ; 0.000        ; 0.078      ; 2.425      ;
; 2.171 ; x0[4]     ; abs_X0[5]      ; clk          ; clk         ; 0.000        ; 0.078      ; 2.435      ;
; 2.176 ; x0[5]     ; abs_X0[0]      ; clk          ; clk         ; 0.000        ; 0.479      ; 2.841      ;
; 2.176 ; x0[5]     ; abs_X0[1]      ; clk          ; clk         ; 0.000        ; 0.479      ; 2.841      ;
; 2.178 ; x1[10]    ; abs_X0[6]      ; clk          ; clk         ; 0.000        ; 0.078      ; 2.442      ;
; 2.178 ; x1[10]    ; abs_X0[5]      ; clk          ; clk         ; 0.000        ; 0.078      ; 2.442      ;
; 2.178 ; x1[10]    ; abs_X0[4]      ; clk          ; clk         ; 0.000        ; 0.078      ; 2.442      ;
; 2.178 ; x1[10]    ; abs_X0[3]      ; clk          ; clk         ; 0.000        ; 0.078      ; 2.442      ;
; 2.178 ; x1[10]    ; abs_X0[2]      ; clk          ; clk         ; 0.000        ; 0.078      ; 2.442      ;
; 2.181 ; x0[6]     ; abs_X0[7]      ; clk          ; clk         ; 0.000        ; 0.078      ; 2.445      ;
; 2.184 ; x1[5]     ; abs_X0[6]      ; clk          ; clk         ; 0.000        ; 0.078      ; 2.448      ;
; 2.192 ; x1[0]     ; abs_X0[1]      ; clk          ; clk         ; 0.000        ; 0.479      ; 2.857      ;
; 2.206 ; abs_X0[3] ; X0_ones[3]     ; clk          ; clk         ; 0.000        ; 0.136      ; 2.528      ;
; 2.206 ; x1[3]     ; abs_X0[4]      ; clk          ; clk         ; 0.000        ; 0.078      ; 2.470      ;
; 2.211 ; x1[5]     ; abs_X0[8]      ; clk          ; clk         ; 0.000        ; 0.078      ; 2.475      ;
; 2.214 ; x0[4]     ; abs_X0[6]      ; clk          ; clk         ; 0.000        ; 0.078      ; 2.478      ;
; 2.226 ; x1[1]     ; abs_X0[2]      ; clk          ; clk         ; 0.000        ; 0.078      ; 2.490      ;
; 2.230 ; x1[6]     ; abs_X0[7]      ; clk          ; clk         ; 0.000        ; 0.080      ; 2.496      ;
; 2.231 ; x1[1]     ; abs_X0[16]     ; clk          ; clk         ; 0.000        ; 0.078      ; 2.495      ;
; 2.231 ; x0[4]     ; abs_X0[8]      ; clk          ; clk         ; 0.000        ; 0.078      ; 2.495      ;
; 2.237 ; x1[4]     ; abs_X0[4]      ; clk          ; clk         ; 0.000        ; 0.080      ; 2.503      ;
; 2.243 ; x1[3]     ; abs_X0[5]      ; clk          ; clk         ; 0.000        ; 0.078      ; 2.507      ;
; 2.245 ; x0[0]     ; abs_X0[2]      ; clk          ; clk         ; 0.000        ; 0.078      ; 2.509      ;
; 2.245 ; x0[0]     ; abs_X0[16]     ; clk          ; clk         ; 0.000        ; 0.078      ; 2.509      ;
; 2.251 ; x0[6]     ; abs_X0[8]      ; clk          ; clk         ; 0.000        ; 0.078      ; 2.515      ;
; 2.255 ; x0[3]     ; abs_X0[3]      ; clk          ; clk         ; 0.000        ; 0.080      ; 2.521      ;
; 2.261 ; x1[1]     ; abs_X0[3]      ; clk          ; clk         ; 0.000        ; 0.078      ; 2.525      ;
; 2.268 ; x0[2]     ; abs_X0[16]     ; clk          ; clk         ; 0.000        ; 0.078      ; 2.532      ;
; 2.269 ; x1[3]     ; abs_X0[7]      ; clk          ; clk         ; 0.000        ; 0.078      ; 2.533      ;
; 2.270 ; x1[1]     ; abs_X0[0]      ; clk          ; clk         ; 0.000        ; 0.477      ; 2.933      ;
; 2.299 ; x0[0]     ; abs_X0[3]      ; clk          ; clk         ; 0.000        ; 0.078      ; 2.563      ;
; 2.301 ; x0[5]     ; abs_X0[7]      ; clk          ; clk         ; 0.000        ; 0.080      ; 2.567      ;
; 2.303 ; x1[6]     ; abs_X0[8]      ; clk          ; clk         ; 0.000        ; 0.080      ; 2.569      ;
; 2.307 ; x0[2]     ; abs_X0[0]      ; clk          ; clk         ; 0.000        ; 0.477      ; 2.970      ;
; 2.307 ; x0[2]     ; abs_X0[1]      ; clk          ; clk         ; 0.000        ; 0.477      ; 2.970      ;
; 2.322 ; x1[3]     ; abs_X0[6]      ; clk          ; clk         ; 0.000        ; 0.078      ; 2.586      ;
; 2.322 ; x0[2]     ; abs_X0[3]      ; clk          ; clk         ; 0.000        ; 0.078      ; 2.586      ;
; 2.332 ; x1[1]     ; abs_X0[4]      ; clk          ; clk         ; 0.000        ; 0.078      ; 2.596      ;
; 2.338 ; x1[2]     ; abs_X0[2]      ; clk          ; clk         ; 0.000        ; 0.080      ; 2.604      ;
; 2.339 ; x1[3]     ; abs_X0[8]      ; clk          ; clk         ; 0.000        ; 0.078      ; 2.603      ;
; 2.343 ; x1[4]     ; abs_X0[16]     ; clk          ; clk         ; 0.000        ; 0.080      ; 2.609      ;
; 2.346 ; x0[0]     ; abs_X0[4]      ; clk          ; clk         ; 0.000        ; 0.078      ; 2.610      ;
; 2.350 ; x0[5]     ; abs_X0[6]      ; clk          ; clk         ; 0.000        ; 0.080      ; 2.616      ;
; 2.367 ; x0[1]     ; abs_X0[2]      ; clk          ; clk         ; 0.000        ; 0.080      ; 2.633      ;
; 2.369 ; x0[2]     ; abs_X0[4]      ; clk          ; clk         ; 0.000        ; 0.078      ; 2.633      ;
; 2.371 ; x0[5]     ; abs_X0[8]      ; clk          ; clk         ; 0.000        ; 0.080      ; 2.637      ;
; 2.374 ; abs_X0[2] ; X0_hundreds[0] ; clk          ; clk         ; 0.000        ; 0.565      ; 3.125      ;
; 2.378 ; x0[1]     ; abs_X0[16]     ; clk          ; clk         ; 0.000        ; 0.080      ; 2.644      ;
; 2.382 ; x1[4]     ; abs_X0[0]      ; clk          ; clk         ; 0.000        ; 0.479      ; 3.047      ;
; 2.382 ; x1[4]     ; abs_X0[1]      ; clk          ; clk         ; 0.000        ; 0.479      ; 3.047      ;
; 2.387 ; x1[1]     ; abs_X0[5]      ; clk          ; clk         ; 0.000        ; 0.078      ; 2.651      ;
; 2.395 ; x1[1]     ; abs_X0[7]      ; clk          ; clk         ; 0.000        ; 0.078      ; 2.659      ;
; 2.406 ; x0[1]     ; abs_X0[3]      ; clk          ; clk         ; 0.000        ; 0.080      ; 2.672      ;
+-------+-----------+----------------+--------------+-------------+--------------+------------+------------+


+------------------------------------------------------------------------------------------------+
; Slow 1200mV 85C Model Minimum Pulse Width: 'clk'                                               ;
+--------+--------------+----------------+-----------------+-------+------------+----------------+
; Slack  ; Actual Width ; Required Width ; Type            ; Clock ; Clock Edge ; Target         ;
+--------+--------------+----------------+-----------------+-------+------------+----------------+
; -3.000 ; 1.000        ; 4.000          ; Port Rate       ; clk   ; Rise       ; clk            ;
; -1.285 ; 1.000        ; 2.285          ; Min Period      ; clk   ; Rise       ; X0_hundreds[0] ;
; -1.285 ; 1.000        ; 2.285          ; Min Period      ; clk   ; Rise       ; X0_hundreds[1] ;
; -1.285 ; 1.000        ; 2.285          ; Min Period      ; clk   ; Rise       ; X0_hundreds[2] ;
; -1.285 ; 1.000        ; 2.285          ; Min Period      ; clk   ; Rise       ; X0_hundreds[3] ;
; -1.285 ; 1.000        ; 2.285          ; Min Period      ; clk   ; Rise       ; X0_ones[0]     ;
; -1.285 ; 1.000        ; 2.285          ; Min Period      ; clk   ; Rise       ; X0_ones[1]     ;
; -1.285 ; 1.000        ; 2.285          ; Min Period      ; clk   ; Rise       ; X0_ones[2]     ;
; -1.285 ; 1.000        ; 2.285          ; Min Period      ; clk   ; Rise       ; X0_ones[3]     ;
; -1.285 ; 1.000        ; 2.285          ; Min Period      ; clk   ; Rise       ; X0_tens[0]     ;
; -1.285 ; 1.000        ; 2.285          ; Min Period      ; clk   ; Rise       ; X0_tens[1]     ;
; -1.285 ; 1.000        ; 2.285          ; Min Period      ; clk   ; Rise       ; X0_tens[2]     ;
; -1.285 ; 1.000        ; 2.285          ; Min Period      ; clk   ; Rise       ; X0_tens[3]     ;
; -1.285 ; 1.000        ; 2.285          ; Min Period      ; clk   ; Rise       ; X1_hundreds[0] ;
; -1.285 ; 1.000        ; 2.285          ; Min Period      ; clk   ; Rise       ; X1_hundreds[1] ;
; -1.285 ; 1.000        ; 2.285          ; Min Period      ; clk   ; Rise       ; X1_hundreds[2] ;
; -1.285 ; 1.000        ; 2.285          ; Min Period      ; clk   ; Rise       ; X1_hundreds[3] ;
; -1.285 ; 1.000        ; 2.285          ; Min Period      ; clk   ; Rise       ; X1_ones[0]     ;
; -1.285 ; 1.000        ; 2.285          ; Min Period      ; clk   ; Rise       ; X1_ones[1]     ;
; -1.285 ; 1.000        ; 2.285          ; Min Period      ; clk   ; Rise       ; X1_ones[2]     ;
; -1.285 ; 1.000        ; 2.285          ; Min Period      ; clk   ; Rise       ; X1_ones[3]     ;
; -1.285 ; 1.000        ; 2.285          ; Min Period      ; clk   ; Rise       ; X1_tens[0]     ;
; -1.285 ; 1.000        ; 2.285          ; Min Period      ; clk   ; Rise       ; X1_tens[1]     ;
; -1.285 ; 1.000        ; 2.285          ; Min Period      ; clk   ; Rise       ; X1_tens[2]     ;
; -1.285 ; 1.000        ; 2.285          ; Min Period      ; clk   ; Rise       ; X1_tens[3]     ;
; -1.285 ; 1.000        ; 2.285          ; Min Period      ; clk   ; Rise       ; abs_X0[0]      ;
; -1.285 ; 1.000        ; 2.285          ; Min Period      ; clk   ; Rise       ; abs_X0[16]     ;
; -1.285 ; 1.000        ; 2.285          ; Min Period      ; clk   ; Rise       ; abs_X0[1]      ;
; -1.285 ; 1.000        ; 2.285          ; Min Period      ; clk   ; Rise       ; abs_X0[2]      ;
; -1.285 ; 1.000        ; 2.285          ; Min Period      ; clk   ; Rise       ; abs_X0[3]      ;
; -1.285 ; 1.000        ; 2.285          ; Min Period      ; clk   ; Rise       ; abs_X0[4]      ;
; -1.285 ; 1.000        ; 2.285          ; Min Period      ; clk   ; Rise       ; abs_X0[5]      ;
; -1.285 ; 1.000        ; 2.285          ; Min Period      ; clk   ; Rise       ; abs_X0[6]      ;
; -1.285 ; 1.000        ; 2.285          ; Min Period      ; clk   ; Rise       ; abs_X0[7]      ;
; -1.285 ; 1.000        ; 2.285          ; Min Period      ; clk   ; Rise       ; abs_X0[8]      ;
; -1.285 ; 1.000        ; 2.285          ; Min Period      ; clk   ; Rise       ; abs_X1[0]      ;
; -1.285 ; 1.000        ; 2.285          ; Min Period      ; clk   ; Rise       ; abs_X1[16]     ;
; -1.285 ; 1.000        ; 2.285          ; Min Period      ; clk   ; Rise       ; abs_X1[1]      ;
; -1.285 ; 1.000        ; 2.285          ; Min Period      ; clk   ; Rise       ; abs_X1[2]      ;
; -1.285 ; 1.000        ; 2.285          ; Min Period      ; clk   ; Rise       ; abs_X1[3]      ;
; -1.285 ; 1.000        ; 2.285          ; Min Period      ; clk   ; Rise       ; abs_X1[4]      ;
; -1.285 ; 1.000        ; 2.285          ; Min Period      ; clk   ; Rise       ; abs_X1[5]      ;
; -1.285 ; 1.000        ; 2.285          ; Min Period      ; clk   ; Rise       ; abs_X1[6]      ;
; -1.285 ; 1.000        ; 2.285          ; Min Period      ; clk   ; Rise       ; abs_X1[7]      ;
; -1.285 ; 1.000        ; 2.285          ; Min Period      ; clk   ; Rise       ; abs_X1[8]      ;
; -1.285 ; 1.000        ; 2.285          ; Min Period      ; clk   ; Rise       ; x0[0]          ;
; -1.285 ; 1.000        ; 2.285          ; Min Period      ; clk   ; Rise       ; x0[10]         ;
; -1.285 ; 1.000        ; 2.285          ; Min Period      ; clk   ; Rise       ; x0[1]          ;
; -1.285 ; 1.000        ; 2.285          ; Min Period      ; clk   ; Rise       ; x0[2]          ;
; -1.285 ; 1.000        ; 2.285          ; Min Period      ; clk   ; Rise       ; x0[3]          ;
; -1.285 ; 1.000        ; 2.285          ; Min Period      ; clk   ; Rise       ; x0[4]          ;
; -1.285 ; 1.000        ; 2.285          ; Min Period      ; clk   ; Rise       ; x0[5]          ;
; -1.285 ; 1.000        ; 2.285          ; Min Period      ; clk   ; Rise       ; x0[6]          ;
; -1.285 ; 1.000        ; 2.285          ; Min Period      ; clk   ; Rise       ; x1[0]          ;
; -1.285 ; 1.000        ; 2.285          ; Min Period      ; clk   ; Rise       ; x1[10]         ;
; -1.285 ; 1.000        ; 2.285          ; Min Period      ; clk   ; Rise       ; x1[1]          ;
; -1.285 ; 1.000        ; 2.285          ; Min Period      ; clk   ; Rise       ; x1[2]          ;
; -1.285 ; 1.000        ; 2.285          ; Min Period      ; clk   ; Rise       ; x1[3]          ;
; -1.285 ; 1.000        ; 2.285          ; Min Period      ; clk   ; Rise       ; x1[4]          ;
; -1.285 ; 1.000        ; 2.285          ; Min Period      ; clk   ; Rise       ; x1[5]          ;
; -1.285 ; 1.000        ; 2.285          ; Min Period      ; clk   ; Rise       ; x1[6]          ;
; 0.250  ; 0.438        ; 0.188          ; Low Pulse Width ; clk   ; Rise       ; X1_tens[1]     ;
; 0.250  ; 0.438        ; 0.188          ; Low Pulse Width ; clk   ; Rise       ; X1_tens[2]     ;
; 0.250  ; 0.438        ; 0.188          ; Low Pulse Width ; clk   ; Rise       ; X1_tens[3]     ;
; 0.253  ; 0.441        ; 0.188          ; Low Pulse Width ; clk   ; Rise       ; X0_ones[1]     ;
; 0.253  ; 0.441        ; 0.188          ; Low Pulse Width ; clk   ; Rise       ; X0_ones[2]     ;
; 0.253  ; 0.441        ; 0.188          ; Low Pulse Width ; clk   ; Rise       ; X0_ones[3]     ;
; 0.256  ; 0.444        ; 0.188          ; Low Pulse Width ; clk   ; Rise       ; X0_hundreds[0] ;
; 0.256  ; 0.444        ; 0.188          ; Low Pulse Width ; clk   ; Rise       ; X0_ones[0]     ;
; 0.256  ; 0.444        ; 0.188          ; Low Pulse Width ; clk   ; Rise       ; X1_ones[0]     ;
; 0.256  ; 0.444        ; 0.188          ; Low Pulse Width ; clk   ; Rise       ; abs_X0[16]     ;
; 0.256  ; 0.444        ; 0.188          ; Low Pulse Width ; clk   ; Rise       ; abs_X0[2]      ;
; 0.256  ; 0.444        ; 0.188          ; Low Pulse Width ; clk   ; Rise       ; abs_X0[3]      ;
; 0.256  ; 0.444        ; 0.188          ; Low Pulse Width ; clk   ; Rise       ; abs_X0[4]      ;
; 0.256  ; 0.444        ; 0.188          ; Low Pulse Width ; clk   ; Rise       ; abs_X0[5]      ;
; 0.256  ; 0.444        ; 0.188          ; Low Pulse Width ; clk   ; Rise       ; abs_X0[6]      ;
; 0.256  ; 0.444        ; 0.188          ; Low Pulse Width ; clk   ; Rise       ; abs_X0[7]      ;
; 0.256  ; 0.444        ; 0.188          ; Low Pulse Width ; clk   ; Rise       ; abs_X0[8]      ;
; 0.256  ; 0.444        ; 0.188          ; Low Pulse Width ; clk   ; Rise       ; abs_X1[16]     ;
; 0.256  ; 0.444        ; 0.188          ; Low Pulse Width ; clk   ; Rise       ; abs_X1[3]      ;
; 0.256  ; 0.444        ; 0.188          ; Low Pulse Width ; clk   ; Rise       ; abs_X1[5]      ;
; 0.256  ; 0.444        ; 0.188          ; Low Pulse Width ; clk   ; Rise       ; abs_X1[6]      ;
; 0.256  ; 0.444        ; 0.188          ; Low Pulse Width ; clk   ; Rise       ; abs_X1[7]      ;
; 0.256  ; 0.444        ; 0.188          ; Low Pulse Width ; clk   ; Rise       ; abs_X1[8]      ;
; 0.256  ; 0.444        ; 0.188          ; Low Pulse Width ; clk   ; Rise       ; x0[0]          ;
; 0.256  ; 0.444        ; 0.188          ; Low Pulse Width ; clk   ; Rise       ; x0[10]         ;
; 0.256  ; 0.444        ; 0.188          ; Low Pulse Width ; clk   ; Rise       ; x0[1]          ;
; 0.256  ; 0.444        ; 0.188          ; Low Pulse Width ; clk   ; Rise       ; x0[2]          ;
; 0.256  ; 0.444        ; 0.188          ; Low Pulse Width ; clk   ; Rise       ; x0[3]          ;
; 0.256  ; 0.444        ; 0.188          ; Low Pulse Width ; clk   ; Rise       ; x0[4]          ;
; 0.256  ; 0.444        ; 0.188          ; Low Pulse Width ; clk   ; Rise       ; x0[5]          ;
; 0.256  ; 0.444        ; 0.188          ; Low Pulse Width ; clk   ; Rise       ; x0[6]          ;
; 0.256  ; 0.444        ; 0.188          ; Low Pulse Width ; clk   ; Rise       ; x1[0]          ;
; 0.256  ; 0.444        ; 0.188          ; Low Pulse Width ; clk   ; Rise       ; x1[10]         ;
; 0.256  ; 0.444        ; 0.188          ; Low Pulse Width ; clk   ; Rise       ; x1[1]          ;
; 0.256  ; 0.444        ; 0.188          ; Low Pulse Width ; clk   ; Rise       ; x1[2]          ;
; 0.256  ; 0.444        ; 0.188          ; Low Pulse Width ; clk   ; Rise       ; x1[3]          ;
; 0.256  ; 0.444        ; 0.188          ; Low Pulse Width ; clk   ; Rise       ; x1[4]          ;
; 0.256  ; 0.444        ; 0.188          ; Low Pulse Width ; clk   ; Rise       ; x1[5]          ;
; 0.256  ; 0.444        ; 0.188          ; Low Pulse Width ; clk   ; Rise       ; x1[6]          ;
+--------+--------------+----------------+-----------------+-------+------------+----------------+


+-----------------------------------------------------------------------+
; Setup Times                                                           ;
+-----------+------------+-------+-------+------------+-----------------+
; Data Port ; Clock Port ; Rise  ; Fall  ; Clock Edge ; Clock Reference ;
+-----------+------------+-------+-------+------------+-----------------+
; SW_x0[*]  ; clk        ; 2.688 ; 3.135 ; Rise       ; clk             ;
;  SW_x0[0] ; clk        ; 2.575 ; 3.013 ; Rise       ; clk             ;
;  SW_x0[1] ; clk        ; 2.564 ; 2.977 ; Rise       ; clk             ;
;  SW_x0[2] ; clk        ; 2.636 ; 3.039 ; Rise       ; clk             ;
;  SW_x0[3] ; clk        ; 2.650 ; 3.101 ; Rise       ; clk             ;
;  SW_x0[4] ; clk        ; 2.649 ; 3.040 ; Rise       ; clk             ;
;  SW_x0[5] ; clk        ; 2.555 ; 2.960 ; Rise       ; clk             ;
;  SW_x0[6] ; clk        ; 2.688 ; 3.135 ; Rise       ; clk             ;
;  SW_x0[7] ; clk        ; 2.403 ; 2.834 ; Rise       ; clk             ;
; SW_x1[*]  ; clk        ; 2.989 ; 3.419 ; Rise       ; clk             ;
;  SW_x1[0] ; clk        ; 2.989 ; 3.419 ; Rise       ; clk             ;
;  SW_x1[1] ; clk        ; 2.644 ; 3.046 ; Rise       ; clk             ;
;  SW_x1[2] ; clk        ; 2.688 ; 3.139 ; Rise       ; clk             ;
;  SW_x1[3] ; clk        ; 2.668 ; 3.123 ; Rise       ; clk             ;
;  SW_x1[4] ; clk        ; 2.673 ; 3.131 ; Rise       ; clk             ;
;  SW_x1[5] ; clk        ; 2.539 ; 2.956 ; Rise       ; clk             ;
;  SW_x1[6] ; clk        ; 2.558 ; 2.967 ; Rise       ; clk             ;
;  SW_x1[7] ; clk        ; 2.498 ; 2.910 ; Rise       ; clk             ;
+-----------+------------+-------+-------+------------+-----------------+


+-------------------------------------------------------------------------+
; Hold Times                                                              ;
+-----------+------------+--------+--------+------------+-----------------+
; Data Port ; Clock Port ; Rise   ; Fall   ; Clock Edge ; Clock Reference ;
+-----------+------------+--------+--------+------------+-----------------+
; SW_x0[*]  ; clk        ; -1.918 ; -2.323 ; Rise       ; clk             ;
;  SW_x0[0] ; clk        ; -2.098 ; -2.520 ; Rise       ; clk             ;
;  SW_x0[1] ; clk        ; -2.088 ; -2.485 ; Rise       ; clk             ;
;  SW_x0[2] ; clk        ; -2.157 ; -2.544 ; Rise       ; clk             ;
;  SW_x0[3] ; clk        ; -2.170 ; -2.604 ; Rise       ; clk             ;
;  SW_x0[4] ; clk        ; -2.169 ; -2.545 ; Rise       ; clk             ;
;  SW_x0[5] ; clk        ; -2.079 ; -2.468 ; Rise       ; clk             ;
;  SW_x0[6] ; clk        ; -2.207 ; -2.637 ; Rise       ; clk             ;
;  SW_x0[7] ; clk        ; -1.918 ; -2.323 ; Rise       ; clk             ;
; SW_x1[*]  ; clk        ; -2.008 ; -2.395 ; Rise       ; clk             ;
;  SW_x1[0] ; clk        ; -2.495 ; -2.908 ; Rise       ; clk             ;
;  SW_x1[1] ; clk        ; -2.163 ; -2.550 ; Rise       ; clk             ;
;  SW_x1[2] ; clk        ; -2.206 ; -2.640 ; Rise       ; clk             ;
;  SW_x1[3] ; clk        ; -2.186 ; -2.623 ; Rise       ; clk             ;
;  SW_x1[4] ; clk        ; -2.191 ; -2.630 ; Rise       ; clk             ;
;  SW_x1[5] ; clk        ; -2.062 ; -2.464 ; Rise       ; clk             ;
;  SW_x1[6] ; clk        ; -2.080 ; -2.473 ; Rise       ; clk             ;
;  SW_x1[7] ; clk        ; -2.008 ; -2.395 ; Rise       ; clk             ;
+-----------+------------+--------+--------+------------+-----------------+


+-------------------------------------------------------------------------+
; Clock to Output Times                                                   ;
+-----------+------------+--------+--------+------------+-----------------+
; Data Port ; Clock Port ; Rise   ; Fall   ; Clock Edge ; Clock Reference ;
+-----------+------------+--------+--------+------------+-----------------+
; HEX0[*]   ; clk        ; 12.365 ; 12.441 ; Rise       ; clk             ;
;  HEX0[0]  ; clk        ; 12.075 ; 11.966 ; Rise       ; clk             ;
;  HEX0[1]  ; clk        ; 12.365 ; 12.441 ; Rise       ; clk             ;
;  HEX0[2]  ; clk        ; 11.223 ; 11.180 ; Rise       ; clk             ;
;  HEX0[3]  ; clk        ; 10.084 ; 9.952  ; Rise       ; clk             ;
;  HEX0[4]  ; clk        ; 9.628  ; 9.604  ; Rise       ; clk             ;
;  HEX0[5]  ; clk        ; 11.518 ; 11.562 ; Rise       ; clk             ;
;  HEX0[6]  ; clk        ; 11.421 ; 11.581 ; Rise       ; clk             ;
; HEX1[*]   ; clk        ; 11.806 ; 11.886 ; Rise       ; clk             ;
;  HEX1[0]  ; clk        ; 10.793 ; 10.743 ; Rise       ; clk             ;
;  HEX1[1]  ; clk        ; 9.935  ; 9.827  ; Rise       ; clk             ;
;  HEX1[2]  ; clk        ; 10.520 ; 10.383 ; Rise       ; clk             ;
;  HEX1[3]  ; clk        ; 9.944  ; 9.911  ; Rise       ; clk             ;
;  HEX1[4]  ; clk        ; 11.003 ; 10.871 ; Rise       ; clk             ;
;  HEX1[5]  ; clk        ; 11.806 ; 11.886 ; Rise       ; clk             ;
;  HEX1[6]  ; clk        ; 11.623 ; 11.545 ; Rise       ; clk             ;
; HEX2[*]   ; clk        ; 11.636 ; 11.626 ; Rise       ; clk             ;
;  HEX2[0]  ; clk        ; 11.636 ; 11.626 ; Rise       ; clk             ;
;  HEX2[1]  ; clk        ; 10.637 ; 10.782 ; Rise       ; clk             ;
;  HEX2[2]  ; clk        ; 9.585  ; 9.543  ; Rise       ; clk             ;
;  HEX2[3]  ; clk        ; 11.146 ; 11.029 ; Rise       ; clk             ;
;  HEX2[4]  ; clk        ; 11.388 ; 11.276 ; Rise       ; clk             ;
;  HEX2[5]  ; clk        ; 11.378 ; 11.116 ; Rise       ; clk             ;
;  HEX2[6]  ; clk        ; 10.048 ; 10.030 ; Rise       ; clk             ;
; HEX3[*]   ; clk        ; 13.295 ; 13.466 ; Rise       ; clk             ;
;  HEX3[0]  ; clk        ; 11.083 ; 10.994 ; Rise       ; clk             ;
;  HEX3[1]  ; clk        ; 10.573 ; 10.597 ; Rise       ; clk             ;
;  HEX3[2]  ; clk        ; 13.295 ; 13.466 ; Rise       ; clk             ;
;  HEX3[3]  ; clk        ; 12.306 ; 12.203 ; Rise       ; clk             ;
;  HEX3[4]  ; clk        ; 13.080 ; 13.004 ; Rise       ; clk             ;
;  HEX3[5]  ; clk        ; 12.765 ; 12.701 ; Rise       ; clk             ;
;  HEX3[6]  ; clk        ; 13.292 ; 13.284 ; Rise       ; clk             ;
; HEX4[*]   ; clk        ; 12.539 ; 12.558 ; Rise       ; clk             ;
;  HEX4[0]  ; clk        ; 11.945 ; 12.033 ; Rise       ; clk             ;
;  HEX4[1]  ; clk        ; 10.667 ; 10.804 ; Rise       ; clk             ;
;  HEX4[2]  ; clk        ; 12.539 ; 12.415 ; Rise       ; clk             ;
;  HEX4[3]  ; clk        ; 12.302 ; 12.122 ; Rise       ; clk             ;
;  HEX4[4]  ; clk        ; 10.491 ; 10.520 ; Rise       ; clk             ;
;  HEX4[5]  ; clk        ; 10.753 ; 10.741 ; Rise       ; clk             ;
;  HEX4[6]  ; clk        ; 12.450 ; 12.558 ; Rise       ; clk             ;
; HEX5[*]   ; clk        ; 13.210 ; 13.347 ; Rise       ; clk             ;
;  HEX5[0]  ; clk        ; 11.952 ; 11.864 ; Rise       ; clk             ;
;  HEX5[1]  ; clk        ; 13.210 ; 13.347 ; Rise       ; clk             ;
;  HEX5[2]  ; clk        ; 12.309 ; 12.304 ; Rise       ; clk             ;
;  HEX5[3]  ; clk        ; 11.523 ; 11.396 ; Rise       ; clk             ;
;  HEX5[4]  ; clk        ; 11.382 ; 11.379 ; Rise       ; clk             ;
;  HEX5[5]  ; clk        ; 11.575 ; 11.449 ; Rise       ; clk             ;
;  HEX5[6]  ; clk        ; 11.625 ; 11.765 ; Rise       ; clk             ;
+-----------+------------+--------+--------+------------+-----------------+


+-------------------------------------------------------------------------+
; Minimum Clock to Output Times                                           ;
+-----------+------------+--------+--------+------------+-----------------+
; Data Port ; Clock Port ; Rise   ; Fall   ; Clock Edge ; Clock Reference ;
+-----------+------------+--------+--------+------------+-----------------+
; HEX0[*]   ; clk        ; 8.266  ; 8.338  ; Rise       ; clk             ;
;  HEX0[0]  ; clk        ; 10.627 ; 10.508 ; Rise       ; clk             ;
;  HEX0[1]  ; clk        ; 10.968 ; 10.995 ; Rise       ; clk             ;
;  HEX0[2]  ; clk        ; 9.843  ; 9.764  ; Rise       ; clk             ;
;  HEX0[3]  ; clk        ; 8.707  ; 8.567  ; Rise       ; clk             ;
;  HEX0[4]  ; clk        ; 8.266  ; 8.338  ; Rise       ; clk             ;
;  HEX0[5]  ; clk        ; 10.122 ; 10.306 ; Rise       ; clk             ;
;  HEX0[6]  ; clk        ; 9.830  ; 9.949  ; Rise       ; clk             ;
; HEX1[*]   ; clk        ; 8.285  ; 8.243  ; Rise       ; clk             ;
;  HEX1[0]  ; clk        ; 9.107  ; 9.046  ; Rise       ; clk             ;
;  HEX1[1]  ; clk        ; 8.285  ; 8.243  ; Rise       ; clk             ;
;  HEX1[2]  ; clk        ; 8.863  ; 8.808  ; Rise       ; clk             ;
;  HEX1[3]  ; clk        ; 8.295  ; 8.253  ; Rise       ; clk             ;
;  HEX1[4]  ; clk        ; 9.324  ; 9.270  ; Rise       ; clk             ;
;  HEX1[5]  ; clk        ; 10.182 ; 10.226 ; Rise       ; clk             ;
;  HEX1[6]  ; clk        ; 9.920  ; 9.869  ; Rise       ; clk             ;
; HEX2[*]   ; clk        ; 8.890  ; 8.888  ; Rise       ; clk             ;
;  HEX2[0]  ; clk        ; 10.820 ; 10.817 ; Rise       ; clk             ;
;  HEX2[1]  ; clk        ; 9.965  ; 10.036 ; Rise       ; clk             ;
;  HEX2[2]  ; clk        ; 8.890  ; 8.888  ; Rise       ; clk             ;
;  HEX2[3]  ; clk        ; 10.335 ; 10.235 ; Rise       ; clk             ;
;  HEX2[4]  ; clk        ; 10.627 ; 10.499 ; Rise       ; clk             ;
;  HEX2[5]  ; clk        ; 10.562 ; 10.378 ; Rise       ; clk             ;
;  HEX2[6]  ; clk        ; 9.277  ; 9.288  ; Rise       ; clk             ;
; HEX3[*]   ; clk        ; 8.876  ; 8.811  ; Rise       ; clk             ;
;  HEX3[0]  ; clk        ; 9.295  ; 9.217  ; Rise       ; clk             ;
;  HEX3[1]  ; clk        ; 8.876  ; 8.811  ; Rise       ; clk             ;
;  HEX3[2]  ; clk        ; 11.550 ; 11.799 ; Rise       ; clk             ;
;  HEX3[3]  ; clk        ; 10.469 ; 10.377 ; Rise       ; clk             ;
;  HEX3[4]  ; clk        ; 11.274 ; 11.148 ; Rise       ; clk             ;
;  HEX3[5]  ; clk        ; 10.913 ; 11.007 ; Rise       ; clk             ;
;  HEX3[6]  ; clk        ; 11.404 ; 11.427 ; Rise       ; clk             ;
; HEX4[*]   ; clk        ; 9.340  ; 9.443  ; Rise       ; clk             ;
;  HEX4[0]  ; clk        ; 10.738 ; 10.821 ; Rise       ; clk             ;
;  HEX4[1]  ; clk        ; 9.566  ; 9.626  ; Rise       ; clk             ;
;  HEX4[2]  ; clk        ; 11.372 ; 11.190 ; Rise       ; clk             ;
;  HEX4[3]  ; clk        ; 11.085 ; 10.912 ; Rise       ; clk             ;
;  HEX4[4]  ; clk        ; 9.340  ; 9.443  ; Rise       ; clk             ;
;  HEX4[5]  ; clk        ; 9.574  ; 9.656  ; Rise       ; clk             ;
;  HEX4[6]  ; clk        ; 11.225 ; 11.440 ; Rise       ; clk             ;
; HEX5[*]   ; clk        ; 10.086 ; 9.989  ; Rise       ; clk             ;
;  HEX5[0]  ; clk        ; 10.514 ; 10.434 ; Rise       ; clk             ;
;  HEX5[1]  ; clk        ; 11.894 ; 12.076 ; Rise       ; clk             ;
;  HEX5[2]  ; clk        ; 10.974 ; 10.856 ; Rise       ; clk             ;
;  HEX5[3]  ; clk        ; 10.105 ; 9.989  ; Rise       ; clk             ;
;  HEX5[4]  ; clk        ; 10.086 ; 10.131 ; Rise       ; clk             ;
;  HEX5[5]  ; clk        ; 10.152 ; 10.036 ; Rise       ; clk             ;
;  HEX5[6]  ; clk        ; 10.208 ; 10.339 ; Rise       ; clk             ;
+-----------+------------+--------+--------+------------+-----------------+


-----------------------------------------------
; Slow 1200mV 85C Model Metastability Summary ;
-----------------------------------------------
No synchronizer chains to report.


+-------------------------------------------------+
; Slow 1200mV 0C Model Fmax Summary               ;
+-----------+-----------------+------------+------+
; Fmax      ; Restricted Fmax ; Clock Name ; Note ;
+-----------+-----------------+------------+------+
; 46.76 MHz ; 46.76 MHz       ; clk        ;      ;
+-----------+-----------------+------------+------+
This panel reports FMAX for every clock in the design, regardless of the user-specified clock periods.  FMAX is only computed for paths where the source and destination registers or ports are driven by the same clock.  Paths of different clocks, including generated clocks, are ignored.  For paths between a clock and its inversion, FMAX is computed as if the rising and falling edges are scaled along with FMAX, such that the duty cycle (in terms of a percentage) is maintained. Altera recommends that you always use clock constraints and other slack reports for sign-off analysis.


+------------------------------------+
; Slow 1200mV 0C Model Setup Summary ;
+-------+---------+------------------+
; Clock ; Slack   ; End Point TNS    ;
+-------+---------+------------------+
; clk   ; -20.388 ; -493.213         ;
+-------+---------+------------------+


+-----------------------------------+
; Slow 1200mV 0C Model Hold Summary ;
+-------+-------+-------------------+
; Clock ; Slack ; End Point TNS     ;
+-------+-------+-------------------+
; clk   ; 1.329 ; 0.000             ;
+-------+-------+-------------------+


-----------------------------------------
; Slow 1200mV 0C Model Recovery Summary ;
-----------------------------------------
No paths to report.


----------------------------------------
; Slow 1200mV 0C Model Removal Summary ;
----------------------------------------
No paths to report.


+--------------------------------------------------+
; Slow 1200mV 0C Model Minimum Pulse Width Summary ;
+-------+--------+---------------------------------+
; Clock ; Slack  ; End Point TNS                   ;
+-------+--------+---------------------------------+
; clk   ; -3.000 ; -80.100                         ;
+-------+--------+---------------------------------+


+-------------------------------------------------------------------------------------------------------------+
; Slow 1200mV 0C Model Setup: 'clk'                                                                           ;
+---------+------------+----------------+--------------+-------------+--------------+------------+------------+
; Slack   ; From Node  ; To Node        ; Launch Clock ; Latch Clock ; Relationship ; Clock Skew ; Data Delay ;
+---------+------------+----------------+--------------+-------------+--------------+------------+------------+
; -20.388 ; abs_X0[16] ; X0_hundreds[2] ; clk          ; clk         ; 1.000        ; 0.315      ; 21.702     ;
; -20.387 ; abs_X0[16] ; X0_hundreds[1] ; clk          ; clk         ; 1.000        ; 0.315      ; 21.701     ;
; -20.386 ; abs_X0[16] ; X0_hundreds[3] ; clk          ; clk         ; 1.000        ; 0.315      ; 21.700     ;
; -20.117 ; abs_X0[16] ; X0_hundreds[0] ; clk          ; clk         ; 1.000        ; 0.317      ; 21.433     ;
; -19.756 ; abs_X1[16] ; X1_hundreds[0] ; clk          ; clk         ; 1.000        ; 0.311      ; 21.066     ;
; -19.691 ; abs_X1[16] ; X1_hundreds[2] ; clk          ; clk         ; 1.000        ; 0.310      ; 21.000     ;
; -19.517 ; abs_X1[16] ; X1_hundreds[3] ; clk          ; clk         ; 1.000        ; 0.310      ; 20.826     ;
; -19.516 ; abs_X1[16] ; X1_hundreds[1] ; clk          ; clk         ; 1.000        ; 0.310      ; 20.825     ;
; -18.953 ; abs_X1[16] ; X1_tens[0]     ; clk          ; clk         ; 1.000        ; 0.297      ; 20.249     ;
; -18.828 ; abs_X1[16] ; X1_tens[3]     ; clk          ; clk         ; 1.000        ; 0.302      ; 20.129     ;
; -18.805 ; abs_X1[16] ; X1_tens[1]     ; clk          ; clk         ; 1.000        ; 0.302      ; 20.106     ;
; -18.553 ; abs_X1[16] ; X1_tens[2]     ; clk          ; clk         ; 1.000        ; 0.302      ; 19.854     ;
; -18.485 ; abs_X1[16] ; X1_ones[1]     ; clk          ; clk         ; 1.000        ; -0.092     ; 19.392     ;
; -18.206 ; abs_X0[16] ; X0_ones[1]     ; clk          ; clk         ; 1.000        ; -0.060     ; 19.145     ;
; -18.205 ; abs_X0[16] ; X0_ones[2]     ; clk          ; clk         ; 1.000        ; -0.060     ; 19.144     ;
; -18.205 ; abs_X0[16] ; X0_ones[3]     ; clk          ; clk         ; 1.000        ; -0.060     ; 19.144     ;
; -18.102 ; abs_X1[16] ; X1_ones[2]     ; clk          ; clk         ; 1.000        ; 0.289      ; 19.390     ;
; -18.100 ; abs_X1[16] ; X1_ones[3]     ; clk          ; clk         ; 1.000        ; 0.289      ; 19.388     ;
; -18.065 ; abs_X0[16] ; X0_tens[0]     ; clk          ; clk         ; 1.000        ; -0.082     ; 18.982     ;
; -17.829 ; abs_X0[16] ; X0_tens[3]     ; clk          ; clk         ; 1.000        ; 0.297      ; 19.125     ;
; -17.687 ; abs_X0[16] ; X0_tens[1]     ; clk          ; clk         ; 1.000        ; 0.297      ; 18.983     ;
; -17.687 ; abs_X0[16] ; X0_tens[2]     ; clk          ; clk         ; 1.000        ; 0.297      ; 18.983     ;
; -17.676 ; abs_X1[8]  ; X1_tens[0]     ; clk          ; clk         ; 1.000        ; 0.297      ; 18.972     ;
; -17.551 ; abs_X1[8]  ; X1_tens[3]     ; clk          ; clk         ; 1.000        ; 0.302      ; 18.852     ;
; -17.528 ; abs_X1[8]  ; X1_tens[1]     ; clk          ; clk         ; 1.000        ; 0.302      ; 18.829     ;
; -17.520 ; abs_X1[8]  ; X1_ones[1]     ; clk          ; clk         ; 1.000        ; -0.092     ; 18.427     ;
; -17.276 ; abs_X1[8]  ; X1_tens[2]     ; clk          ; clk         ; 1.000        ; 0.302      ; 18.577     ;
; -17.137 ; abs_X1[8]  ; X1_ones[2]     ; clk          ; clk         ; 1.000        ; 0.289      ; 18.425     ;
; -17.135 ; abs_X1[8]  ; X1_ones[3]     ; clk          ; clk         ; 1.000        ; 0.289      ; 18.423     ;
; -16.964 ; abs_X0[8]  ; X0_tens[0]     ; clk          ; clk         ; 1.000        ; -0.082     ; 17.881     ;
; -16.894 ; abs_X0[8]  ; X0_hundreds[2] ; clk          ; clk         ; 1.000        ; 0.315      ; 18.208     ;
; -16.893 ; abs_X0[8]  ; X0_hundreds[1] ; clk          ; clk         ; 1.000        ; 0.315      ; 18.207     ;
; -16.892 ; abs_X0[8]  ; X0_hundreds[3] ; clk          ; clk         ; 1.000        ; 0.315      ; 18.206     ;
; -16.728 ; abs_X0[8]  ; X0_tens[3]     ; clk          ; clk         ; 1.000        ; 0.297      ; 18.024     ;
; -16.691 ; abs_X0[8]  ; X0_ones[1]     ; clk          ; clk         ; 1.000        ; -0.060     ; 17.630     ;
; -16.690 ; abs_X0[8]  ; X0_ones[2]     ; clk          ; clk         ; 1.000        ; -0.060     ; 17.629     ;
; -16.690 ; abs_X0[8]  ; X0_ones[3]     ; clk          ; clk         ; 1.000        ; -0.060     ; 17.629     ;
; -16.623 ; abs_X0[8]  ; X0_hundreds[0] ; clk          ; clk         ; 1.000        ; 0.317      ; 17.939     ;
; -16.586 ; abs_X0[8]  ; X0_tens[1]     ; clk          ; clk         ; 1.000        ; 0.297      ; 17.882     ;
; -16.586 ; abs_X0[8]  ; X0_tens[2]     ; clk          ; clk         ; 1.000        ; 0.297      ; 17.882     ;
; -16.202 ; abs_X1[8]  ; X1_hundreds[0] ; clk          ; clk         ; 1.000        ; 0.311      ; 17.512     ;
; -16.155 ; abs_X1[8]  ; X1_hundreds[2] ; clk          ; clk         ; 1.000        ; 0.310      ; 17.464     ;
; -15.981 ; abs_X1[8]  ; X1_hundreds[3] ; clk          ; clk         ; 1.000        ; 0.310      ; 17.290     ;
; -15.980 ; abs_X1[8]  ; X1_hundreds[1] ; clk          ; clk         ; 1.000        ; 0.310      ; 17.289     ;
; -15.637 ; abs_X1[7]  ; X1_tens[0]     ; clk          ; clk         ; 1.000        ; 0.297      ; 16.933     ;
; -15.512 ; abs_X1[7]  ; X1_tens[3]     ; clk          ; clk         ; 1.000        ; 0.302      ; 16.813     ;
; -15.489 ; abs_X1[7]  ; X1_tens[1]     ; clk          ; clk         ; 1.000        ; 0.302      ; 16.790     ;
; -15.417 ; abs_X1[7]  ; X1_ones[1]     ; clk          ; clk         ; 1.000        ; -0.092     ; 16.324     ;
; -15.237 ; abs_X1[7]  ; X1_tens[2]     ; clk          ; clk         ; 1.000        ; 0.302      ; 16.538     ;
; -15.034 ; abs_X1[7]  ; X1_ones[2]     ; clk          ; clk         ; 1.000        ; 0.289      ; 16.322     ;
; -15.032 ; abs_X1[7]  ; X1_ones[3]     ; clk          ; clk         ; 1.000        ; 0.289      ; 16.320     ;
; -14.916 ; abs_X0[7]  ; X0_hundreds[2] ; clk          ; clk         ; 1.000        ; 0.315      ; 16.230     ;
; -14.915 ; abs_X0[7]  ; X0_hundreds[1] ; clk          ; clk         ; 1.000        ; 0.315      ; 16.229     ;
; -14.914 ; abs_X0[7]  ; X0_hundreds[3] ; clk          ; clk         ; 1.000        ; 0.315      ; 16.228     ;
; -14.856 ; abs_X0[7]  ; X0_tens[0]     ; clk          ; clk         ; 1.000        ; -0.082     ; 15.773     ;
; -14.770 ; abs_X0[7]  ; X0_ones[1]     ; clk          ; clk         ; 1.000        ; -0.060     ; 15.709     ;
; -14.769 ; abs_X0[7]  ; X0_ones[2]     ; clk          ; clk         ; 1.000        ; -0.060     ; 15.708     ;
; -14.769 ; abs_X0[7]  ; X0_ones[3]     ; clk          ; clk         ; 1.000        ; -0.060     ; 15.708     ;
; -14.645 ; abs_X0[7]  ; X0_hundreds[0] ; clk          ; clk         ; 1.000        ; 0.317      ; 15.961     ;
; -14.620 ; abs_X0[7]  ; X0_tens[3]     ; clk          ; clk         ; 1.000        ; 0.297      ; 15.916     ;
; -14.478 ; abs_X0[7]  ; X0_tens[1]     ; clk          ; clk         ; 1.000        ; 0.297      ; 15.774     ;
; -14.478 ; abs_X0[7]  ; X0_tens[2]     ; clk          ; clk         ; 1.000        ; 0.297      ; 15.774     ;
; -13.808 ; abs_X1[7]  ; X1_hundreds[0] ; clk          ; clk         ; 1.000        ; 0.311      ; 15.118     ;
; -13.736 ; abs_X1[7]  ; X1_hundreds[2] ; clk          ; clk         ; 1.000        ; 0.310      ; 15.045     ;
; -13.639 ; abs_X1[6]  ; X1_tens[0]     ; clk          ; clk         ; 1.000        ; 0.297      ; 14.935     ;
; -13.584 ; abs_X1[6]  ; X1_ones[1]     ; clk          ; clk         ; 1.000        ; -0.092     ; 14.491     ;
; -13.562 ; abs_X1[7]  ; X1_hundreds[3] ; clk          ; clk         ; 1.000        ; 0.310      ; 14.871     ;
; -13.561 ; abs_X1[7]  ; X1_hundreds[1] ; clk          ; clk         ; 1.000        ; 0.310      ; 14.870     ;
; -13.514 ; abs_X1[6]  ; X1_tens[3]     ; clk          ; clk         ; 1.000        ; 0.302      ; 14.815     ;
; -13.491 ; abs_X1[6]  ; X1_tens[1]     ; clk          ; clk         ; 1.000        ; 0.302      ; 14.792     ;
; -13.239 ; abs_X1[6]  ; X1_tens[2]     ; clk          ; clk         ; 1.000        ; 0.302      ; 14.540     ;
; -13.201 ; abs_X1[6]  ; X1_ones[2]     ; clk          ; clk         ; 1.000        ; 0.289      ; 14.489     ;
; -13.199 ; abs_X1[6]  ; X1_ones[3]     ; clk          ; clk         ; 1.000        ; 0.289      ; 14.487     ;
; -13.125 ; abs_X0[6]  ; X0_tens[0]     ; clk          ; clk         ; 1.000        ; -0.082     ; 14.042     ;
; -12.889 ; abs_X0[6]  ; X0_tens[3]     ; clk          ; clk         ; 1.000        ; 0.297      ; 14.185     ;
; -12.857 ; abs_X0[6]  ; X0_ones[1]     ; clk          ; clk         ; 1.000        ; -0.060     ; 13.796     ;
; -12.856 ; abs_X0[6]  ; X0_ones[2]     ; clk          ; clk         ; 1.000        ; -0.060     ; 13.795     ;
; -12.856 ; abs_X0[6]  ; X0_ones[3]     ; clk          ; clk         ; 1.000        ; -0.060     ; 13.795     ;
; -12.747 ; abs_X0[6]  ; X0_tens[1]     ; clk          ; clk         ; 1.000        ; 0.297      ; 14.043     ;
; -12.747 ; abs_X0[6]  ; X0_tens[2]     ; clk          ; clk         ; 1.000        ; 0.297      ; 14.043     ;
; -12.358 ; abs_X0[6]  ; X0_hundreds[2] ; clk          ; clk         ; 1.000        ; 0.315      ; 13.672     ;
; -12.357 ; abs_X0[6]  ; X0_hundreds[1] ; clk          ; clk         ; 1.000        ; 0.315      ; 13.671     ;
; -12.356 ; abs_X0[6]  ; X0_hundreds[3] ; clk          ; clk         ; 1.000        ; 0.315      ; 13.670     ;
; -12.274 ; abs_X1[5]  ; X1_tens[0]     ; clk          ; clk         ; 1.000        ; 0.297      ; 13.570     ;
; -12.149 ; abs_X1[5]  ; X1_tens[3]     ; clk          ; clk         ; 1.000        ; 0.302      ; 13.450     ;
; -12.126 ; abs_X1[5]  ; X1_tens[1]     ; clk          ; clk         ; 1.000        ; 0.302      ; 13.427     ;
; -12.087 ; abs_X0[6]  ; X0_hundreds[0] ; clk          ; clk         ; 1.000        ; 0.317      ; 13.403     ;
; -11.874 ; abs_X1[5]  ; X1_tens[2]     ; clk          ; clk         ; 1.000        ; 0.302      ; 13.175     ;
; -11.588 ; abs_X1[6]  ; X1_hundreds[0] ; clk          ; clk         ; 1.000        ; 0.311      ; 12.898     ;
; -11.584 ; abs_X1[5]  ; X1_ones[1]     ; clk          ; clk         ; 1.000        ; -0.092     ; 12.491     ;
; -11.448 ; abs_X1[6]  ; X1_hundreds[2] ; clk          ; clk         ; 1.000        ; 0.310      ; 12.757     ;
; -11.365 ; abs_X0[5]  ; X0_ones[1]     ; clk          ; clk         ; 1.000        ; -0.060     ; 12.304     ;
; -11.364 ; abs_X0[5]  ; X0_ones[2]     ; clk          ; clk         ; 1.000        ; -0.060     ; 12.303     ;
; -11.364 ; abs_X0[5]  ; X0_ones[3]     ; clk          ; clk         ; 1.000        ; -0.060     ; 12.303     ;
; -11.315 ; abs_X1[6]  ; X1_hundreds[3] ; clk          ; clk         ; 1.000        ; 0.310      ; 12.624     ;
; -11.314 ; abs_X1[6]  ; X1_hundreds[1] ; clk          ; clk         ; 1.000        ; 0.310      ; 12.623     ;
; -11.201 ; abs_X1[5]  ; X1_ones[2]     ; clk          ; clk         ; 1.000        ; 0.289      ; 12.489     ;
; -11.199 ; abs_X1[5]  ; X1_ones[3]     ; clk          ; clk         ; 1.000        ; 0.289      ; 12.487     ;
; -11.071 ; abs_X0[5]  ; X0_tens[0]     ; clk          ; clk         ; 1.000        ; -0.082     ; 11.988     ;
; -10.835 ; abs_X0[5]  ; X0_tens[3]     ; clk          ; clk         ; 1.000        ; 0.297      ; 12.131     ;
+---------+------------+----------------+--------------+-------------+--------------+------------+------------+


+----------------------------------------------------------------------------------------------------------+
; Slow 1200mV 0C Model Hold: 'clk'                                                                         ;
+-------+-----------+----------------+--------------+-------------+--------------+------------+------------+
; Slack ; From Node ; To Node        ; Launch Clock ; Latch Clock ; Relationship ; Clock Skew ; Data Delay ;
+-------+-----------+----------------+--------------+-------------+--------------+------------+------------+
; 1.329 ; abs_X0[0] ; X0_ones[0]     ; clk          ; clk         ; 0.000        ; -0.281     ; 1.219      ;
; 1.354 ; x1[1]     ; abs_X0[1]      ; clk          ; clk         ; 0.000        ; 0.434      ; 1.959      ;
; 1.374 ; abs_X0[1] ; X0_ones[1]     ; clk          ; clk         ; 0.000        ; -0.226     ; 1.319      ;
; 1.374 ; x0[0]     ; abs_X0[0]      ; clk          ; clk         ; 0.000        ; 0.434      ; 1.979      ;
; 1.413 ; x0[10]    ; abs_X0[16]     ; clk          ; clk         ; 0.000        ; 0.069      ; 1.653      ;
; 1.472 ; x0[10]    ; abs_X0[0]      ; clk          ; clk         ; 0.000        ; 0.434      ; 2.077      ;
; 1.472 ; x0[10]    ; abs_X0[1]      ; clk          ; clk         ; 0.000        ; 0.434      ; 2.077      ;
; 1.495 ; x0[1]     ; abs_X0[1]      ; clk          ; clk         ; 0.000        ; 0.436      ; 2.102      ;
; 1.582 ; x1[10]    ; abs_X0[16]     ; clk          ; clk         ; 0.000        ; 0.069      ; 1.822      ;
; 1.583 ; x0[10]    ; abs_X0[7]      ; clk          ; clk         ; 0.000        ; 0.069      ; 1.823      ;
; 1.616 ; x0[0]     ; abs_X0[1]      ; clk          ; clk         ; 0.000        ; 0.434      ; 2.221      ;
; 1.632 ; x0[10]    ; abs_X0[8]      ; clk          ; clk         ; 0.000        ; 0.069      ; 1.872      ;
; 1.659 ; x1[10]    ; abs_X0[0]      ; clk          ; clk         ; 0.000        ; 0.434      ; 2.264      ;
; 1.659 ; x1[10]    ; abs_X0[1]      ; clk          ; clk         ; 0.000        ; 0.434      ; 2.264      ;
; 1.688 ; x1[5]     ; abs_X0[5]      ; clk          ; clk         ; 0.000        ; 0.069      ; 1.928      ;
; 1.695 ; x1[0]     ; abs_X0[0]      ; clk          ; clk         ; 0.000        ; 0.436      ; 2.302      ;
; 1.704 ; x1[3]     ; abs_X0[3]      ; clk          ; clk         ; 0.000        ; 0.069      ; 1.944      ;
; 1.716 ; x0[4]     ; abs_X0[4]      ; clk          ; clk         ; 0.000        ; 0.069      ; 1.956      ;
; 1.758 ; x1[10]    ; abs_X0[7]      ; clk          ; clk         ; 0.000        ; 0.069      ; 1.998      ;
; 1.788 ; x1[5]     ; abs_X0[16]     ; clk          ; clk         ; 0.000        ; 0.069      ; 2.028      ;
; 1.801 ; x1[10]    ; abs_X0[8]      ; clk          ; clk         ; 0.000        ; 0.069      ; 2.041      ;
; 1.807 ; x0[4]     ; abs_X0[16]     ; clk          ; clk         ; 0.000        ; 0.069      ; 2.047      ;
; 1.837 ; x0[10]    ; abs_X0[6]      ; clk          ; clk         ; 0.000        ; 0.069      ; 2.077      ;
; 1.837 ; x0[10]    ; abs_X0[5]      ; clk          ; clk         ; 0.000        ; 0.069      ; 2.077      ;
; 1.837 ; x0[10]    ; abs_X0[4]      ; clk          ; clk         ; 0.000        ; 0.069      ; 2.077      ;
; 1.837 ; x0[10]    ; abs_X0[3]      ; clk          ; clk         ; 0.000        ; 0.069      ; 2.077      ;
; 1.837 ; x0[10]    ; abs_X0[2]      ; clk          ; clk         ; 0.000        ; 0.069      ; 2.077      ;
; 1.841 ; x0[5]     ; abs_X0[5]      ; clk          ; clk         ; 0.000        ; 0.071      ; 2.083      ;
; 1.841 ; x0[6]     ; abs_X0[16]     ; clk          ; clk         ; 0.000        ; 0.069      ; 2.081      ;
; 1.847 ; x0[6]     ; abs_X0[6]      ; clk          ; clk         ; 0.000        ; 0.069      ; 2.087      ;
; 1.853 ; x1[5]     ; abs_X0[0]      ; clk          ; clk         ; 0.000        ; 0.434      ; 2.458      ;
; 1.853 ; x1[5]     ; abs_X0[1]      ; clk          ; clk         ; 0.000        ; 0.434      ; 2.458      ;
; 1.867 ; x0[2]     ; abs_X0[2]      ; clk          ; clk         ; 0.000        ; 0.069      ; 2.107      ;
; 1.872 ; x0[4]     ; abs_X0[0]      ; clk          ; clk         ; 0.000        ; 0.434      ; 2.477      ;
; 1.872 ; x0[4]     ; abs_X0[1]      ; clk          ; clk         ; 0.000        ; 0.434      ; 2.477      ;
; 1.875 ; x1[6]     ; abs_X0[6]      ; clk          ; clk         ; 0.000        ; 0.071      ; 2.117      ;
; 1.890 ; x1[6]     ; abs_X0[16]     ; clk          ; clk         ; 0.000        ; 0.071      ; 2.132      ;
; 1.903 ; x1[3]     ; abs_X0[16]     ; clk          ; clk         ; 0.000        ; 0.069      ; 2.143      ;
; 1.906 ; x0[6]     ; abs_X0[0]      ; clk          ; clk         ; 0.000        ; 0.434      ; 2.511      ;
; 1.906 ; x0[6]     ; abs_X0[1]      ; clk          ; clk         ; 0.000        ; 0.434      ; 2.511      ;
; 1.915 ; abs_X0[2] ; X0_ones[2]     ; clk          ; clk         ; 0.000        ; 0.125      ; 2.211      ;
; 1.931 ; x1[5]     ; abs_X0[7]      ; clk          ; clk         ; 0.000        ; 0.069      ; 2.171      ;
; 1.947 ; x0[5]     ; abs_X0[16]     ; clk          ; clk         ; 0.000        ; 0.071      ; 2.189      ;
; 1.950 ; x0[4]     ; abs_X0[7]      ; clk          ; clk         ; 0.000        ; 0.069      ; 2.190      ;
; 1.955 ; x1[6]     ; abs_X0[0]      ; clk          ; clk         ; 0.000        ; 0.436      ; 2.562      ;
; 1.955 ; x1[6]     ; abs_X0[1]      ; clk          ; clk         ; 0.000        ; 0.436      ; 2.562      ;
; 1.959 ; x1[0]     ; abs_X0[1]      ; clk          ; clk         ; 0.000        ; 0.436      ; 2.566      ;
; 1.962 ; x0[4]     ; abs_X0[5]      ; clk          ; clk         ; 0.000        ; 0.069      ; 2.202      ;
; 1.967 ; abs_X0[3] ; X0_ones[3]     ; clk          ; clk         ; 0.000        ; 0.125      ; 2.263      ;
; 1.968 ; x1[3]     ; abs_X0[0]      ; clk          ; clk         ; 0.000        ; 0.434      ; 2.573      ;
; 1.968 ; x1[3]     ; abs_X0[1]      ; clk          ; clk         ; 0.000        ; 0.434      ; 2.573      ;
; 1.968 ; x1[5]     ; abs_X0[6]      ; clk          ; clk         ; 0.000        ; 0.069      ; 2.208      ;
; 1.984 ; x0[6]     ; abs_X0[7]      ; clk          ; clk         ; 0.000        ; 0.069      ; 2.224      ;
; 1.994 ; x1[3]     ; abs_X0[4]      ; clk          ; clk         ; 0.000        ; 0.069      ; 2.234      ;
; 2.007 ; x1[5]     ; abs_X0[8]      ; clk          ; clk         ; 0.000        ; 0.069      ; 2.247      ;
; 2.007 ; x0[4]     ; abs_X0[6]      ; clk          ; clk         ; 0.000        ; 0.069      ; 2.247      ;
; 2.009 ; x1[1]     ; abs_X0[2]      ; clk          ; clk         ; 0.000        ; 0.069      ; 2.249      ;
; 2.012 ; x0[5]     ; abs_X0[0]      ; clk          ; clk         ; 0.000        ; 0.436      ; 2.619      ;
; 2.012 ; x0[5]     ; abs_X0[1]      ; clk          ; clk         ; 0.000        ; 0.436      ; 2.619      ;
; 2.013 ; x1[1]     ; abs_X0[16]     ; clk          ; clk         ; 0.000        ; 0.069      ; 2.253      ;
; 2.016 ; x1[4]     ; abs_X0[4]      ; clk          ; clk         ; 0.000        ; 0.071      ; 2.258      ;
; 2.017 ; x1[6]     ; abs_X0[7]      ; clk          ; clk         ; 0.000        ; 0.071      ; 2.259      ;
; 2.022 ; x0[0]     ; abs_X0[16]     ; clk          ; clk         ; 0.000        ; 0.069      ; 2.262      ;
; 2.023 ; x0[0]     ; abs_X0[2]      ; clk          ; clk         ; 0.000        ; 0.069      ; 2.263      ;
; 2.024 ; x1[10]    ; abs_X0[6]      ; clk          ; clk         ; 0.000        ; 0.069      ; 2.264      ;
; 2.024 ; x1[10]    ; abs_X0[5]      ; clk          ; clk         ; 0.000        ; 0.069      ; 2.264      ;
; 2.024 ; x1[10]    ; abs_X0[4]      ; clk          ; clk         ; 0.000        ; 0.069      ; 2.264      ;
; 2.024 ; x1[10]    ; abs_X0[3]      ; clk          ; clk         ; 0.000        ; 0.069      ; 2.264      ;
; 2.024 ; x1[10]    ; abs_X0[2]      ; clk          ; clk         ; 0.000        ; 0.069      ; 2.264      ;
; 2.026 ; x0[4]     ; abs_X0[8]      ; clk          ; clk         ; 0.000        ; 0.069      ; 2.266      ;
; 2.030 ; x0[3]     ; abs_X0[3]      ; clk          ; clk         ; 0.000        ; 0.071      ; 2.272      ;
; 2.046 ; x1[3]     ; abs_X0[7]      ; clk          ; clk         ; 0.000        ; 0.069      ; 2.286      ;
; 2.058 ; x1[3]     ; abs_X0[5]      ; clk          ; clk         ; 0.000        ; 0.069      ; 2.298      ;
; 2.060 ; x0[6]     ; abs_X0[8]      ; clk          ; clk         ; 0.000        ; 0.069      ; 2.300      ;
; 2.060 ; x0[2]     ; abs_X0[16]     ; clk          ; clk         ; 0.000        ; 0.069      ; 2.300      ;
; 2.067 ; x1[1]     ; abs_X0[3]      ; clk          ; clk         ; 0.000        ; 0.069      ; 2.307      ;
; 2.076 ; x0[0]     ; abs_X0[3]      ; clk          ; clk         ; 0.000        ; 0.069      ; 2.316      ;
; 2.078 ; x1[1]     ; abs_X0[0]      ; clk          ; clk         ; 0.000        ; 0.434      ; 2.683      ;
; 2.081 ; x0[5]     ; abs_X0[7]      ; clk          ; clk         ; 0.000        ; 0.071      ; 2.323      ;
; 2.090 ; x1[2]     ; abs_X0[2]      ; clk          ; clk         ; 0.000        ; 0.071      ; 2.332      ;
; 2.103 ; x1[3]     ; abs_X0[6]      ; clk          ; clk         ; 0.000        ; 0.069      ; 2.343      ;
; 2.107 ; x1[1]     ; abs_X0[4]      ; clk          ; clk         ; 0.000        ; 0.069      ; 2.347      ;
; 2.109 ; x1[6]     ; abs_X0[8]      ; clk          ; clk         ; 0.000        ; 0.071      ; 2.351      ;
; 2.114 ; x0[2]     ; abs_X0[3]      ; clk          ; clk         ; 0.000        ; 0.069      ; 2.354      ;
; 2.116 ; x0[0]     ; abs_X0[4]      ; clk          ; clk         ; 0.000        ; 0.069      ; 2.356      ;
; 2.121 ; x0[5]     ; abs_X0[6]      ; clk          ; clk         ; 0.000        ; 0.071      ; 2.363      ;
; 2.122 ; x1[3]     ; abs_X0[8]      ; clk          ; clk         ; 0.000        ; 0.069      ; 2.362      ;
; 2.125 ; x0[2]     ; abs_X0[0]      ; clk          ; clk         ; 0.000        ; 0.434      ; 2.730      ;
; 2.125 ; x0[2]     ; abs_X0[1]      ; clk          ; clk         ; 0.000        ; 0.434      ; 2.730      ;
; 2.139 ; x1[4]     ; abs_X0[16]     ; clk          ; clk         ; 0.000        ; 0.071      ; 2.381      ;
; 2.150 ; x0[1]     ; abs_X0[2]      ; clk          ; clk         ; 0.000        ; 0.071      ; 2.392      ;
; 2.154 ; x0[2]     ; abs_X0[4]      ; clk          ; clk         ; 0.000        ; 0.069      ; 2.394      ;
; 2.156 ; x0[1]     ; abs_X0[16]     ; clk          ; clk         ; 0.000        ; 0.071      ; 2.398      ;
; 2.156 ; x1[1]     ; abs_X0[7]      ; clk          ; clk         ; 0.000        ; 0.069      ; 2.396      ;
; 2.165 ; x0[0]     ; abs_X0[7]      ; clk          ; clk         ; 0.000        ; 0.069      ; 2.405      ;
; 2.166 ; x0[5]     ; abs_X0[8]      ; clk          ; clk         ; 0.000        ; 0.071      ; 2.408      ;
; 2.168 ; x1[1]     ; abs_X0[5]      ; clk          ; clk         ; 0.000        ; 0.069      ; 2.408      ;
; 2.170 ; abs_X0[2] ; X0_hundreds[0] ; clk          ; clk         ; 0.000        ; 0.518      ; 2.859      ;
; 2.177 ; x0[0]     ; abs_X0[5]      ; clk          ; clk         ; 0.000        ; 0.069      ; 2.417      ;
; 2.196 ; x0[1]     ; abs_X0[3]      ; clk          ; clk         ; 0.000        ; 0.071      ; 2.438      ;
+-------+-----------+----------------+--------------+-------------+--------------+------------+------------+


+------------------------------------------------------------------------------------------------+
; Slow 1200mV 0C Model Minimum Pulse Width: 'clk'                                                ;
+--------+--------------+----------------+-----------------+-------+------------+----------------+
; Slack  ; Actual Width ; Required Width ; Type            ; Clock ; Clock Edge ; Target         ;
+--------+--------------+----------------+-----------------+-------+------------+----------------+
; -3.000 ; 1.000        ; 4.000          ; Port Rate       ; clk   ; Rise       ; clk            ;
; -1.285 ; 1.000        ; 2.285          ; Min Period      ; clk   ; Rise       ; X0_hundreds[0] ;
; -1.285 ; 1.000        ; 2.285          ; Min Period      ; clk   ; Rise       ; X0_hundreds[1] ;
; -1.285 ; 1.000        ; 2.285          ; Min Period      ; clk   ; Rise       ; X0_hundreds[2] ;
; -1.285 ; 1.000        ; 2.285          ; Min Period      ; clk   ; Rise       ; X0_hundreds[3] ;
; -1.285 ; 1.000        ; 2.285          ; Min Period      ; clk   ; Rise       ; X0_ones[0]     ;
; -1.285 ; 1.000        ; 2.285          ; Min Period      ; clk   ; Rise       ; X0_ones[1]     ;
; -1.285 ; 1.000        ; 2.285          ; Min Period      ; clk   ; Rise       ; X0_ones[2]     ;
; -1.285 ; 1.000        ; 2.285          ; Min Period      ; clk   ; Rise       ; X0_ones[3]     ;
; -1.285 ; 1.000        ; 2.285          ; Min Period      ; clk   ; Rise       ; X0_tens[0]     ;
; -1.285 ; 1.000        ; 2.285          ; Min Period      ; clk   ; Rise       ; X0_tens[1]     ;
; -1.285 ; 1.000        ; 2.285          ; Min Period      ; clk   ; Rise       ; X0_tens[2]     ;
; -1.285 ; 1.000        ; 2.285          ; Min Period      ; clk   ; Rise       ; X0_tens[3]     ;
; -1.285 ; 1.000        ; 2.285          ; Min Period      ; clk   ; Rise       ; X1_hundreds[0] ;
; -1.285 ; 1.000        ; 2.285          ; Min Period      ; clk   ; Rise       ; X1_hundreds[1] ;
; -1.285 ; 1.000        ; 2.285          ; Min Period      ; clk   ; Rise       ; X1_hundreds[2] ;
; -1.285 ; 1.000        ; 2.285          ; Min Period      ; clk   ; Rise       ; X1_hundreds[3] ;
; -1.285 ; 1.000        ; 2.285          ; Min Period      ; clk   ; Rise       ; X1_ones[0]     ;
; -1.285 ; 1.000        ; 2.285          ; Min Period      ; clk   ; Rise       ; X1_ones[1]     ;
; -1.285 ; 1.000        ; 2.285          ; Min Period      ; clk   ; Rise       ; X1_ones[2]     ;
; -1.285 ; 1.000        ; 2.285          ; Min Period      ; clk   ; Rise       ; X1_ones[3]     ;
; -1.285 ; 1.000        ; 2.285          ; Min Period      ; clk   ; Rise       ; X1_tens[0]     ;
; -1.285 ; 1.000        ; 2.285          ; Min Period      ; clk   ; Rise       ; X1_tens[1]     ;
; -1.285 ; 1.000        ; 2.285          ; Min Period      ; clk   ; Rise       ; X1_tens[2]     ;
; -1.285 ; 1.000        ; 2.285          ; Min Period      ; clk   ; Rise       ; X1_tens[3]     ;
; -1.285 ; 1.000        ; 2.285          ; Min Period      ; clk   ; Rise       ; abs_X0[0]      ;
; -1.285 ; 1.000        ; 2.285          ; Min Period      ; clk   ; Rise       ; abs_X0[16]     ;
; -1.285 ; 1.000        ; 2.285          ; Min Period      ; clk   ; Rise       ; abs_X0[1]      ;
; -1.285 ; 1.000        ; 2.285          ; Min Period      ; clk   ; Rise       ; abs_X0[2]      ;
; -1.285 ; 1.000        ; 2.285          ; Min Period      ; clk   ; Rise       ; abs_X0[3]      ;
; -1.285 ; 1.000        ; 2.285          ; Min Period      ; clk   ; Rise       ; abs_X0[4]      ;
; -1.285 ; 1.000        ; 2.285          ; Min Period      ; clk   ; Rise       ; abs_X0[5]      ;
; -1.285 ; 1.000        ; 2.285          ; Min Period      ; clk   ; Rise       ; abs_X0[6]      ;
; -1.285 ; 1.000        ; 2.285          ; Min Period      ; clk   ; Rise       ; abs_X0[7]      ;
; -1.285 ; 1.000        ; 2.285          ; Min Period      ; clk   ; Rise       ; abs_X0[8]      ;
; -1.285 ; 1.000        ; 2.285          ; Min Period      ; clk   ; Rise       ; abs_X1[0]      ;
; -1.285 ; 1.000        ; 2.285          ; Min Period      ; clk   ; Rise       ; abs_X1[16]     ;
; -1.285 ; 1.000        ; 2.285          ; Min Period      ; clk   ; Rise       ; abs_X1[1]      ;
; -1.285 ; 1.000        ; 2.285          ; Min Period      ; clk   ; Rise       ; abs_X1[2]      ;
; -1.285 ; 1.000        ; 2.285          ; Min Period      ; clk   ; Rise       ; abs_X1[3]      ;
; -1.285 ; 1.000        ; 2.285          ; Min Period      ; clk   ; Rise       ; abs_X1[4]      ;
; -1.285 ; 1.000        ; 2.285          ; Min Period      ; clk   ; Rise       ; abs_X1[5]      ;
; -1.285 ; 1.000        ; 2.285          ; Min Period      ; clk   ; Rise       ; abs_X1[6]      ;
; -1.285 ; 1.000        ; 2.285          ; Min Period      ; clk   ; Rise       ; abs_X1[7]      ;
; -1.285 ; 1.000        ; 2.285          ; Min Period      ; clk   ; Rise       ; abs_X1[8]      ;
; -1.285 ; 1.000        ; 2.285          ; Min Period      ; clk   ; Rise       ; x0[0]          ;
; -1.285 ; 1.000        ; 2.285          ; Min Period      ; clk   ; Rise       ; x0[10]         ;
; -1.285 ; 1.000        ; 2.285          ; Min Period      ; clk   ; Rise       ; x0[1]          ;
; -1.285 ; 1.000        ; 2.285          ; Min Period      ; clk   ; Rise       ; x0[2]          ;
; -1.285 ; 1.000        ; 2.285          ; Min Period      ; clk   ; Rise       ; x0[3]          ;
; -1.285 ; 1.000        ; 2.285          ; Min Period      ; clk   ; Rise       ; x0[4]          ;
; -1.285 ; 1.000        ; 2.285          ; Min Period      ; clk   ; Rise       ; x0[5]          ;
; -1.285 ; 1.000        ; 2.285          ; Min Period      ; clk   ; Rise       ; x0[6]          ;
; -1.285 ; 1.000        ; 2.285          ; Min Period      ; clk   ; Rise       ; x1[0]          ;
; -1.285 ; 1.000        ; 2.285          ; Min Period      ; clk   ; Rise       ; x1[10]         ;
; -1.285 ; 1.000        ; 2.285          ; Min Period      ; clk   ; Rise       ; x1[1]          ;
; -1.285 ; 1.000        ; 2.285          ; Min Period      ; clk   ; Rise       ; x1[2]          ;
; -1.285 ; 1.000        ; 2.285          ; Min Period      ; clk   ; Rise       ; x1[3]          ;
; -1.285 ; 1.000        ; 2.285          ; Min Period      ; clk   ; Rise       ; x1[4]          ;
; -1.285 ; 1.000        ; 2.285          ; Min Period      ; clk   ; Rise       ; x1[5]          ;
; -1.285 ; 1.000        ; 2.285          ; Min Period      ; clk   ; Rise       ; x1[6]          ;
; 0.276  ; 0.462        ; 0.186          ; Low Pulse Width ; clk   ; Rise       ; abs_X0[16]     ;
; 0.276  ; 0.462        ; 0.186          ; Low Pulse Width ; clk   ; Rise       ; abs_X0[2]      ;
; 0.276  ; 0.462        ; 0.186          ; Low Pulse Width ; clk   ; Rise       ; abs_X0[3]      ;
; 0.276  ; 0.462        ; 0.186          ; Low Pulse Width ; clk   ; Rise       ; abs_X0[4]      ;
; 0.276  ; 0.462        ; 0.186          ; Low Pulse Width ; clk   ; Rise       ; abs_X0[5]      ;
; 0.276  ; 0.462        ; 0.186          ; Low Pulse Width ; clk   ; Rise       ; abs_X0[6]      ;
; 0.276  ; 0.462        ; 0.186          ; Low Pulse Width ; clk   ; Rise       ; abs_X0[7]      ;
; 0.276  ; 0.462        ; 0.186          ; Low Pulse Width ; clk   ; Rise       ; abs_X0[8]      ;
; 0.277  ; 0.463        ; 0.186          ; Low Pulse Width ; clk   ; Rise       ; X0_ones[0]     ;
; 0.277  ; 0.463        ; 0.186          ; Low Pulse Width ; clk   ; Rise       ; X0_ones[1]     ;
; 0.277  ; 0.463        ; 0.186          ; Low Pulse Width ; clk   ; Rise       ; X0_ones[2]     ;
; 0.277  ; 0.463        ; 0.186          ; Low Pulse Width ; clk   ; Rise       ; X0_ones[3]     ;
; 0.277  ; 0.463        ; 0.186          ; Low Pulse Width ; clk   ; Rise       ; X1_ones[0]     ;
; 0.277  ; 0.463        ; 0.186          ; Low Pulse Width ; clk   ; Rise       ; x0[0]          ;
; 0.277  ; 0.463        ; 0.186          ; Low Pulse Width ; clk   ; Rise       ; x0[10]         ;
; 0.277  ; 0.463        ; 0.186          ; Low Pulse Width ; clk   ; Rise       ; x0[1]          ;
; 0.277  ; 0.463        ; 0.186          ; Low Pulse Width ; clk   ; Rise       ; x0[2]          ;
; 0.277  ; 0.463        ; 0.186          ; Low Pulse Width ; clk   ; Rise       ; x0[3]          ;
; 0.277  ; 0.463        ; 0.186          ; Low Pulse Width ; clk   ; Rise       ; x0[4]          ;
; 0.277  ; 0.463        ; 0.186          ; Low Pulse Width ; clk   ; Rise       ; x0[5]          ;
; 0.277  ; 0.463        ; 0.186          ; Low Pulse Width ; clk   ; Rise       ; x0[6]          ;
; 0.277  ; 0.463        ; 0.186          ; Low Pulse Width ; clk   ; Rise       ; x1[0]          ;
; 0.277  ; 0.463        ; 0.186          ; Low Pulse Width ; clk   ; Rise       ; x1[10]         ;
; 0.277  ; 0.463        ; 0.186          ; Low Pulse Width ; clk   ; Rise       ; x1[1]          ;
; 0.277  ; 0.463        ; 0.186          ; Low Pulse Width ; clk   ; Rise       ; x1[2]          ;
; 0.277  ; 0.463        ; 0.186          ; Low Pulse Width ; clk   ; Rise       ; x1[3]          ;
; 0.277  ; 0.463        ; 0.186          ; Low Pulse Width ; clk   ; Rise       ; x1[4]          ;
; 0.277  ; 0.463        ; 0.186          ; Low Pulse Width ; clk   ; Rise       ; x1[5]          ;
; 0.277  ; 0.463        ; 0.186          ; Low Pulse Width ; clk   ; Rise       ; x1[6]          ;
; 0.278  ; 0.464        ; 0.186          ; Low Pulse Width ; clk   ; Rise       ; X1_ones[1]     ;
; 0.278  ; 0.464        ; 0.186          ; Low Pulse Width ; clk   ; Rise       ; abs_X1[16]     ;
; 0.278  ; 0.464        ; 0.186          ; Low Pulse Width ; clk   ; Rise       ; abs_X1[3]      ;
; 0.278  ; 0.464        ; 0.186          ; Low Pulse Width ; clk   ; Rise       ; abs_X1[5]      ;
; 0.278  ; 0.464        ; 0.186          ; Low Pulse Width ; clk   ; Rise       ; abs_X1[6]      ;
; 0.278  ; 0.464        ; 0.186          ; Low Pulse Width ; clk   ; Rise       ; abs_X1[7]      ;
; 0.278  ; 0.464        ; 0.186          ; Low Pulse Width ; clk   ; Rise       ; abs_X1[8]      ;
; 0.279  ; 0.465        ; 0.186          ; Low Pulse Width ; clk   ; Rise       ; X0_tens[0]     ;
; 0.288  ; 0.474        ; 0.186          ; Low Pulse Width ; clk   ; Rise       ; X1_tens[1]     ;
; 0.288  ; 0.474        ; 0.186          ; Low Pulse Width ; clk   ; Rise       ; X1_tens[2]     ;
+--------+--------------+----------------+-----------------+-------+------------+----------------+


+-----------------------------------------------------------------------+
; Setup Times                                                           ;
+-----------+------------+-------+-------+------------+-----------------+
; Data Port ; Clock Port ; Rise  ; Fall  ; Clock Edge ; Clock Reference ;
+-----------+------------+-------+-------+------------+-----------------+
; SW_x0[*]  ; clk        ; 2.415 ; 2.690 ; Rise       ; clk             ;
;  SW_x0[0] ; clk        ; 2.304 ; 2.577 ; Rise       ; clk             ;
;  SW_x0[1] ; clk        ; 2.296 ; 2.547 ; Rise       ; clk             ;
;  SW_x0[2] ; clk        ; 2.366 ; 2.601 ; Rise       ; clk             ;
;  SW_x0[3] ; clk        ; 2.373 ; 2.660 ; Rise       ; clk             ;
;  SW_x0[4] ; clk        ; 2.369 ; 2.612 ; Rise       ; clk             ;
;  SW_x0[5] ; clk        ; 2.291 ; 2.533 ; Rise       ; clk             ;
;  SW_x0[6] ; clk        ; 2.415 ; 2.690 ; Rise       ; clk             ;
;  SW_x0[7] ; clk        ; 2.149 ; 2.402 ; Rise       ; clk             ;
; SW_x1[*]  ; clk        ; 2.685 ; 2.943 ; Rise       ; clk             ;
;  SW_x1[0] ; clk        ; 2.685 ; 2.943 ; Rise       ; clk             ;
;  SW_x1[1] ; clk        ; 2.363 ; 2.617 ; Rise       ; clk             ;
;  SW_x1[2] ; clk        ; 2.413 ; 2.691 ; Rise       ; clk             ;
;  SW_x1[3] ; clk        ; 2.387 ; 2.679 ; Rise       ; clk             ;
;  SW_x1[4] ; clk        ; 2.395 ; 2.682 ; Rise       ; clk             ;
;  SW_x1[5] ; clk        ; 2.270 ; 2.527 ; Rise       ; clk             ;
;  SW_x1[6] ; clk        ; 2.285 ; 2.530 ; Rise       ; clk             ;
;  SW_x1[7] ; clk        ; 2.231 ; 2.472 ; Rise       ; clk             ;
+-----------+------------+-------+-------+------------+-----------------+


+-------------------------------------------------------------------------+
; Hold Times                                                              ;
+-----------+------------+--------+--------+------------+-----------------+
; Data Port ; Clock Port ; Rise   ; Fall   ; Clock Edge ; Clock Reference ;
+-----------+------------+--------+--------+------------+-----------------+
; SW_x0[*]  ; clk        ; -1.716 ; -1.950 ; Rise       ; clk             ;
;  SW_x0[0] ; clk        ; -1.879 ; -2.139 ; Rise       ; clk             ;
;  SW_x0[1] ; clk        ; -1.871 ; -2.111 ; Rise       ; clk             ;
;  SW_x0[2] ; clk        ; -1.939 ; -2.163 ; Rise       ; clk             ;
;  SW_x0[3] ; clk        ; -1.945 ; -2.220 ; Rise       ; clk             ;
;  SW_x0[4] ; clk        ; -1.941 ; -2.173 ; Rise       ; clk             ;
;  SW_x0[5] ; clk        ; -1.866 ; -2.097 ; Rise       ; clk             ;
;  SW_x0[6] ; clk        ; -1.986 ; -2.248 ; Rise       ; clk             ;
;  SW_x0[7] ; clk        ; -1.716 ; -1.950 ; Rise       ; clk             ;
; SW_x1[*]  ; clk        ; -1.793 ; -2.015 ; Rise       ; clk             ;
;  SW_x1[0] ; clk        ; -2.244 ; -2.490 ; Rise       ; clk             ;
;  SW_x1[1] ; clk        ; -1.935 ; -2.177 ; Rise       ; clk             ;
;  SW_x1[2] ; clk        ; -1.983 ; -2.248 ; Rise       ; clk             ;
;  SW_x1[3] ; clk        ; -1.957 ; -2.236 ; Rise       ; clk             ;
;  SW_x1[4] ; clk        ; -1.964 ; -2.239 ; Rise       ; clk             ;
;  SW_x1[5] ; clk        ; -1.845 ; -2.090 ; Rise       ; clk             ;
;  SW_x1[6] ; clk        ; -1.859 ; -2.092 ; Rise       ; clk             ;
;  SW_x1[7] ; clk        ; -1.793 ; -2.015 ; Rise       ; clk             ;
+-----------+------------+--------+--------+------------+-----------------+


+-------------------------------------------------------------------------+
; Clock to Output Times                                                   ;
+-----------+------------+--------+--------+------------+-----------------+
; Data Port ; Clock Port ; Rise   ; Fall   ; Clock Edge ; Clock Reference ;
+-----------+------------+--------+--------+------------+-----------------+
; HEX0[*]   ; clk        ; 11.199 ; 11.094 ; Rise       ; clk             ;
;  HEX0[0]  ; clk        ; 11.026 ; 10.756 ; Rise       ; clk             ;
;  HEX0[1]  ; clk        ; 11.199 ; 11.094 ; Rise       ; clk             ;
;  HEX0[2]  ; clk        ; 10.211 ; 10.076 ; Rise       ; clk             ;
;  HEX0[3]  ; clk        ; 9.147  ; 8.944  ; Rise       ; clk             ;
;  HEX0[4]  ; clk        ; 8.722  ; 8.627  ; Rise       ; clk             ;
;  HEX0[5]  ; clk        ; 10.390 ; 10.352 ; Rise       ; clk             ;
;  HEX0[6]  ; clk        ; 10.292 ; 10.535 ; Rise       ; clk             ;
; HEX1[*]   ; clk        ; 10.708 ; 10.726 ; Rise       ; clk             ;
;  HEX1[0]  ; clk        ; 9.837  ; 9.765  ; Rise       ; clk             ;
;  HEX1[1]  ; clk        ; 9.053  ; 8.908  ; Rise       ; clk             ;
;  HEX1[2]  ; clk        ; 9.599  ; 9.314  ; Rise       ; clk             ;
;  HEX1[3]  ; clk        ; 9.062  ; 9.010  ; Rise       ; clk             ;
;  HEX1[4]  ; clk        ; 10.045 ; 9.862  ; Rise       ; clk             ;
;  HEX1[5]  ; clk        ; 10.708 ; 10.726 ; Rise       ; clk             ;
;  HEX1[6]  ; clk        ; 10.481 ; 10.458 ; Rise       ; clk             ;
; HEX2[*]   ; clk        ; 10.596 ; 10.442 ; Rise       ; clk             ;
;  HEX2[0]  ; clk        ; 10.596 ; 10.442 ; Rise       ; clk             ;
;  HEX2[1]  ; clk        ; 9.722  ; 9.672  ; Rise       ; clk             ;
;  HEX2[2]  ; clk        ; 8.681  ; 8.586  ; Rise       ; clk             ;
;  HEX2[3]  ; clk        ; 10.136 ; 9.895  ; Rise       ; clk             ;
;  HEX2[4]  ; clk        ; 10.416 ; 10.120 ; Rise       ; clk             ;
;  HEX2[5]  ; clk        ; 10.353 ; 10.022 ; Rise       ; clk             ;
;  HEX2[6]  ; clk        ; 9.011  ; 9.100  ; Rise       ; clk             ;
; HEX3[*]   ; clk        ; 12.125 ; 12.150 ; Rise       ; clk             ;
;  HEX3[0]  ; clk        ; 10.082 ; 9.992  ; Rise       ; clk             ;
;  HEX3[1]  ; clk        ; 9.643  ; 9.516  ; Rise       ; clk             ;
;  HEX3[2]  ; clk        ; 12.125 ; 12.072 ; Rise       ; clk             ;
;  HEX3[3]  ; clk        ; 11.208 ; 11.075 ; Rise       ; clk             ;
;  HEX3[4]  ; clk        ; 12.005 ; 11.689 ; Rise       ; clk             ;
;  HEX3[5]  ; clk        ; 11.649 ; 11.516 ; Rise       ; clk             ;
;  HEX3[6]  ; clk        ; 12.027 ; 12.150 ; Rise       ; clk             ;
; HEX4[*]   ; clk        ; 11.419 ; 11.480 ; Rise       ; clk             ;
;  HEX4[0]  ; clk        ; 10.877 ; 10.848 ; Rise       ; clk             ;
;  HEX4[1]  ; clk        ; 9.718  ; 9.699  ; Rise       ; clk             ;
;  HEX4[2]  ; clk        ; 11.419 ; 11.212 ; Rise       ; clk             ;
;  HEX4[3]  ; clk        ; 11.210 ; 10.924 ; Rise       ; clk             ;
;  HEX4[4]  ; clk        ; 9.509  ; 9.483  ; Rise       ; clk             ;
;  HEX4[5]  ; clk        ; 9.742  ; 9.701  ; Rise       ; clk             ;
;  HEX4[6]  ; clk        ; 11.215 ; 11.480 ; Rise       ; clk             ;
; HEX5[*]   ; clk        ; 12.022 ; 11.930 ; Rise       ; clk             ;
;  HEX5[0]  ; clk        ; 10.815 ; 10.701 ; Rise       ; clk             ;
;  HEX5[1]  ; clk        ; 12.022 ; 11.930 ; Rise       ; clk             ;
;  HEX5[2]  ; clk        ; 11.260 ; 11.057 ; Rise       ; clk             ;
;  HEX5[3]  ; clk        ; 10.427 ; 10.285 ; Rise       ; clk             ;
;  HEX5[4]  ; clk        ; 10.406 ; 10.232 ; Rise       ; clk             ;
;  HEX5[5]  ; clk        ; 10.458 ; 10.333 ; Rise       ; clk             ;
;  HEX5[6]  ; clk        ; 10.487 ; 10.659 ; Rise       ; clk             ;
+-----------+------------+--------+--------+------------+-----------------+


+-------------------------------------------------------------------------+
; Minimum Clock to Output Times                                           ;
+-----------+------------+--------+--------+------------+-----------------+
; Data Port ; Clock Port ; Rise   ; Fall   ; Clock Edge ; Clock Reference ;
+-----------+------------+--------+--------+------------+-----------------+
; HEX0[*]   ; clk        ; 7.480  ; 7.466  ; Rise       ; clk             ;
;  HEX0[0]  ; clk        ; 9.699  ; 9.425  ; Rise       ; clk             ;
;  HEX0[1]  ; clk        ; 9.919  ; 9.795  ; Rise       ; clk             ;
;  HEX0[2]  ; clk        ; 8.963  ; 8.744  ; Rise       ; clk             ;
;  HEX0[3]  ; clk        ; 7.891  ; 7.681  ; Rise       ; clk             ;
;  HEX0[4]  ; clk        ; 7.480  ; 7.466  ; Rise       ; clk             ;
;  HEX0[5]  ; clk        ; 9.141  ; 9.160  ; Rise       ; clk             ;
;  HEX0[6]  ; clk        ; 8.814  ; 9.047  ; Rise       ; clk             ;
; HEX1[*]   ; clk        ; 7.442  ; 7.394  ; Rise       ; clk             ;
;  HEX1[0]  ; clk        ; 8.190  ; 8.122  ; Rise       ; clk             ;
;  HEX1[1]  ; clk        ; 7.442  ; 7.394  ; Rise       ; clk             ;
;  HEX1[2]  ; clk        ; 7.980  ; 7.967  ; Rise       ; clk             ;
;  HEX1[3]  ; clk        ; 7.452  ; 7.403  ; Rise       ; clk             ;
;  HEX1[4]  ; clk        ; 8.489  ; 8.307  ; Rise       ; clk             ;
;  HEX1[5]  ; clk        ; 9.195  ; 9.097  ; Rise       ; clk             ;
;  HEX1[6]  ; clk        ; 8.904  ; 8.819  ; Rise       ; clk             ;
; HEX2[*]   ; clk        ; 8.090  ; 8.001  ; Rise       ; clk             ;
;  HEX2[0]  ; clk        ; 9.893  ; 9.737  ; Rise       ; clk             ;
;  HEX2[1]  ; clk        ; 9.082  ; 9.007  ; Rise       ; clk             ;
;  HEX2[2]  ; clk        ; 8.090  ; 8.001  ; Rise       ; clk             ;
;  HEX2[3]  ; clk        ; 9.427  ; 9.205  ; Rise       ; clk             ;
;  HEX2[4]  ; clk        ; 9.701  ; 9.406  ; Rise       ; clk             ;
;  HEX2[5]  ; clk        ; 9.641  ; 9.340  ; Rise       ; clk             ;
;  HEX2[6]  ; clk        ; 8.351  ; 8.464  ; Rise       ; clk             ;
; HEX3[*]   ; clk        ; 8.056  ; 7.984  ; Rise       ; clk             ;
;  HEX3[0]  ; clk        ; 8.470  ; 8.350  ; Rise       ; clk             ;
;  HEX3[1]  ; clk        ; 8.056  ; 7.984  ; Rise       ; clk             ;
;  HEX3[2]  ; clk        ; 10.490 ; 10.499 ; Rise       ; clk             ;
;  HEX3[3]  ; clk        ; 9.548  ; 9.386  ; Rise       ; clk             ;
;  HEX3[4]  ; clk        ; 10.315 ; 10.090 ; Rise       ; clk             ;
;  HEX3[5]  ; clk        ; 9.987  ; 9.853  ; Rise       ; clk             ;
;  HEX3[6]  ; clk        ; 10.308 ; 10.454 ; Rise       ; clk             ;
; HEX4[*]   ; clk        ; 8.466  ; 8.483  ; Rise       ; clk             ;
;  HEX4[0]  ; clk        ; 9.779  ; 9.735  ; Rise       ; clk             ;
;  HEX4[1]  ; clk        ; 8.681  ; 8.641  ; Rise       ; clk             ;
;  HEX4[2]  ; clk        ; 10.362 ; 10.064 ; Rise       ; clk             ;
;  HEX4[3]  ; clk        ; 10.103 ; 9.814  ; Rise       ; clk             ;
;  HEX4[4]  ; clk        ; 8.466  ; 8.483  ; Rise       ; clk             ;
;  HEX4[5]  ; clk        ; 8.686  ; 8.671  ; Rise       ; clk             ;
;  HEX4[6]  ; clk        ; 10.091 ; 10.424 ; Rise       ; clk             ;
; HEX5[*]   ; clk        ; 9.189  ; 9.072  ; Rise       ; clk             ;
;  HEX5[0]  ; clk        ; 9.579  ; 9.469  ; Rise       ; clk             ;
;  HEX5[1]  ; clk        ; 10.785 ; 10.769 ; Rise       ; clk             ;
;  HEX5[2]  ; clk        ; 10.005 ; 9.844  ; Rise       ; clk             ;
;  HEX5[3]  ; clk        ; 9.209  ; 9.072  ; Rise       ; clk             ;
;  HEX5[4]  ; clk        ; 9.189  ; 9.090  ; Rise       ; clk             ;
;  HEX5[5]  ; clk        ; 9.235  ; 9.115  ; Rise       ; clk             ;
;  HEX5[6]  ; clk        ; 9.266  ; 9.434  ; Rise       ; clk             ;
+-----------+------------+--------+--------+------------+-----------------+


----------------------------------------------
; Slow 1200mV 0C Model Metastability Summary ;
----------------------------------------------
No synchronizer chains to report.


+------------------------------------+
; Fast 1200mV 0C Model Setup Summary ;
+-------+---------+------------------+
; Clock ; Slack   ; End Point TNS    ;
+-------+---------+------------------+
; clk   ; -10.547 ; -245.383         ;
+-------+---------+------------------+


+-----------------------------------+
; Fast 1200mV 0C Model Hold Summary ;
+-------+-------+-------------------+
; Clock ; Slack ; End Point TNS     ;
+-------+-------+-------------------+
; clk   ; 0.651 ; 0.000             ;
+-------+-------+-------------------+


-----------------------------------------
; Fast 1200mV 0C Model Recovery Summary ;
-----------------------------------------
No paths to report.


----------------------------------------
; Fast 1200mV 0C Model Removal Summary ;
----------------------------------------
No paths to report.


+--------------------------------------------------+
; Fast 1200mV 0C Model Minimum Pulse Width Summary ;
+-------+--------+---------------------------------+
; Clock ; Slack  ; End Point TNS                   ;
+-------+--------+---------------------------------+
; clk   ; -3.000 ; -67.181                         ;
+-------+--------+---------------------------------+


+-------------------------------------------------------------------------------------------------------------+
; Fast 1200mV 0C Model Setup: 'clk'                                                                           ;
+---------+------------+----------------+--------------+-------------+--------------+------------+------------+
; Slack   ; From Node  ; To Node        ; Launch Clock ; Latch Clock ; Relationship ; Clock Skew ; Data Delay ;
+---------+------------+----------------+--------------+-------------+--------------+------------+------------+
; -10.547 ; abs_X0[16] ; X0_hundreds[2] ; clk          ; clk         ; 1.000        ; 0.156      ; 11.690     ;
; -10.546 ; abs_X0[16] ; X0_hundreds[1] ; clk          ; clk         ; 1.000        ; 0.156      ; 11.689     ;
; -10.545 ; abs_X0[16] ; X0_hundreds[3] ; clk          ; clk         ; 1.000        ; 0.156      ; 11.688     ;
; -10.385 ; abs_X0[16] ; X0_hundreds[0] ; clk          ; clk         ; 1.000        ; 0.155      ; 11.527     ;
; -10.158 ; abs_X1[16] ; X1_hundreds[0] ; clk          ; clk         ; 1.000        ; 0.155      ; 11.300     ;
; -10.060 ; abs_X1[16] ; X1_hundreds[2] ; clk          ; clk         ; 1.000        ; 0.154      ; 11.201     ;
; -9.978  ; abs_X1[16] ; X1_hundreds[3] ; clk          ; clk         ; 1.000        ; 0.154      ; 11.119     ;
; -9.976  ; abs_X1[16] ; X1_hundreds[1] ; clk          ; clk         ; 1.000        ; 0.154      ; 11.117     ;
; -9.544  ; abs_X1[16] ; X1_tens[0]     ; clk          ; clk         ; 1.000        ; 0.147      ; 10.678     ;
; -9.484  ; abs_X1[16] ; X1_tens[1]     ; clk          ; clk         ; 1.000        ; 0.148      ; 10.619     ;
; -9.483  ; abs_X1[16] ; X1_tens[3]     ; clk          ; clk         ; 1.000        ; 0.148      ; 10.618     ;
; -9.407  ; abs_X1[16] ; X1_ones[1]     ; clk          ; clk         ; 1.000        ; -0.056     ; 10.338     ;
; -9.363  ; abs_X1[16] ; X1_tens[2]     ; clk          ; clk         ; 1.000        ; 0.148      ; 10.498     ;
; -9.221  ; abs_X0[16] ; X0_tens[0]     ; clk          ; clk         ; 1.000        ; -0.049     ; 10.159     ;
; -9.211  ; abs_X1[16] ; X1_ones[2]     ; clk          ; clk         ; 1.000        ; 0.139      ; 10.337     ;
; -9.209  ; abs_X1[16] ; X1_ones[3]     ; clk          ; clk         ; 1.000        ; 0.139      ; 10.335     ;
; -9.172  ; abs_X0[16] ; X0_ones[2]     ; clk          ; clk         ; 1.000        ; -0.033     ; 10.126     ;
; -9.172  ; abs_X0[16] ; X0_ones[3]     ; clk          ; clk         ; 1.000        ; -0.033     ; 10.126     ;
; -9.172  ; abs_X0[16] ; X0_ones[1]     ; clk          ; clk         ; 1.000        ; -0.033     ; 10.126     ;
; -9.100  ; abs_X0[16] ; X0_tens[3]     ; clk          ; clk         ; 1.000        ; 0.145      ; 10.232     ;
; -9.027  ; abs_X0[16] ; X0_tens[1]     ; clk          ; clk         ; 1.000        ; 0.145      ; 10.159     ;
; -9.027  ; abs_X0[16] ; X0_tens[2]     ; clk          ; clk         ; 1.000        ; 0.145      ; 10.159     ;
; -8.912  ; abs_X1[8]  ; X1_ones[1]     ; clk          ; clk         ; 1.000        ; -0.056     ; 9.843      ;
; -8.884  ; abs_X1[8]  ; X1_tens[0]     ; clk          ; clk         ; 1.000        ; 0.147      ; 10.018     ;
; -8.824  ; abs_X1[8]  ; X1_tens[1]     ; clk          ; clk         ; 1.000        ; 0.148      ; 9.959      ;
; -8.823  ; abs_X1[8]  ; X1_tens[3]     ; clk          ; clk         ; 1.000        ; 0.148      ; 9.958      ;
; -8.716  ; abs_X1[8]  ; X1_ones[2]     ; clk          ; clk         ; 1.000        ; 0.139      ; 9.842      ;
; -8.714  ; abs_X1[8]  ; X1_ones[3]     ; clk          ; clk         ; 1.000        ; 0.139      ; 9.840      ;
; -8.703  ; abs_X1[8]  ; X1_tens[2]     ; clk          ; clk         ; 1.000        ; 0.148      ; 9.838      ;
; -8.633  ; abs_X0[8]  ; X0_tens[0]     ; clk          ; clk         ; 1.000        ; -0.049     ; 9.571      ;
; -8.627  ; abs_X0[8]  ; X0_hundreds[2] ; clk          ; clk         ; 1.000        ; 0.156      ; 9.770      ;
; -8.626  ; abs_X0[8]  ; X0_hundreds[1] ; clk          ; clk         ; 1.000        ; 0.156      ; 9.769      ;
; -8.625  ; abs_X0[8]  ; X0_hundreds[3] ; clk          ; clk         ; 1.000        ; 0.156      ; 9.768      ;
; -8.512  ; abs_X0[8]  ; X0_tens[3]     ; clk          ; clk         ; 1.000        ; 0.145      ; 9.644      ;
; -8.465  ; abs_X0[8]  ; X0_hundreds[0] ; clk          ; clk         ; 1.000        ; 0.155      ; 9.607      ;
; -8.439  ; abs_X0[8]  ; X0_tens[1]     ; clk          ; clk         ; 1.000        ; 0.145      ; 9.571      ;
; -8.439  ; abs_X0[8]  ; X0_tens[2]     ; clk          ; clk         ; 1.000        ; 0.145      ; 9.571      ;
; -8.426  ; abs_X0[8]  ; X0_ones[2]     ; clk          ; clk         ; 1.000        ; -0.033     ; 9.380      ;
; -8.426  ; abs_X0[8]  ; X0_ones[3]     ; clk          ; clk         ; 1.000        ; -0.033     ; 9.380      ;
; -8.426  ; abs_X0[8]  ; X0_ones[1]     ; clk          ; clk         ; 1.000        ; -0.033     ; 9.380      ;
; -8.265  ; abs_X1[8]  ; X1_hundreds[0] ; clk          ; clk         ; 1.000        ; 0.155      ; 9.407      ;
; -8.167  ; abs_X1[8]  ; X1_hundreds[2] ; clk          ; clk         ; 1.000        ; 0.154      ; 9.308      ;
; -8.085  ; abs_X1[8]  ; X1_hundreds[3] ; clk          ; clk         ; 1.000        ; 0.154      ; 9.226      ;
; -8.083  ; abs_X1[8]  ; X1_hundreds[1] ; clk          ; clk         ; 1.000        ; 0.154      ; 9.224      ;
; -7.848  ; abs_X1[7]  ; X1_tens[0]     ; clk          ; clk         ; 1.000        ; 0.147      ; 8.982      ;
; -7.844  ; abs_X1[7]  ; X1_ones[1]     ; clk          ; clk         ; 1.000        ; -0.056     ; 8.775      ;
; -7.788  ; abs_X1[7]  ; X1_tens[1]     ; clk          ; clk         ; 1.000        ; 0.148      ; 8.923      ;
; -7.787  ; abs_X1[7]  ; X1_tens[3]     ; clk          ; clk         ; 1.000        ; 0.148      ; 8.922      ;
; -7.667  ; abs_X1[7]  ; X1_tens[2]     ; clk          ; clk         ; 1.000        ; 0.148      ; 8.802      ;
; -7.648  ; abs_X1[7]  ; X1_ones[2]     ; clk          ; clk         ; 1.000        ; 0.139      ; 8.774      ;
; -7.646  ; abs_X1[7]  ; X1_ones[3]     ; clk          ; clk         ; 1.000        ; 0.139      ; 8.772      ;
; -7.593  ; abs_X0[7]  ; X0_hundreds[2] ; clk          ; clk         ; 1.000        ; 0.156      ; 8.736      ;
; -7.592  ; abs_X0[7]  ; X0_hundreds[1] ; clk          ; clk         ; 1.000        ; 0.156      ; 8.735      ;
; -7.591  ; abs_X0[7]  ; X0_hundreds[3] ; clk          ; clk         ; 1.000        ; 0.156      ; 8.734      ;
; -7.443  ; abs_X0[7]  ; X0_tens[0]     ; clk          ; clk         ; 1.000        ; -0.049     ; 8.381      ;
; -7.431  ; abs_X0[7]  ; X0_hundreds[0] ; clk          ; clk         ; 1.000        ; 0.155      ; 8.573      ;
; -7.380  ; abs_X0[7]  ; X0_ones[2]     ; clk          ; clk         ; 1.000        ; -0.033     ; 8.334      ;
; -7.380  ; abs_X0[7]  ; X0_ones[3]     ; clk          ; clk         ; 1.000        ; -0.033     ; 8.334      ;
; -7.380  ; abs_X0[7]  ; X0_ones[1]     ; clk          ; clk         ; 1.000        ; -0.033     ; 8.334      ;
; -7.322  ; abs_X0[7]  ; X0_tens[3]     ; clk          ; clk         ; 1.000        ; 0.145      ; 8.454      ;
; -7.249  ; abs_X0[7]  ; X0_tens[1]     ; clk          ; clk         ; 1.000        ; 0.145      ; 8.381      ;
; -7.249  ; abs_X0[7]  ; X0_tens[2]     ; clk          ; clk         ; 1.000        ; 0.145      ; 8.381      ;
; -6.922  ; abs_X1[7]  ; X1_hundreds[0] ; clk          ; clk         ; 1.000        ; 0.155      ; 8.064      ;
; -6.860  ; abs_X1[6]  ; X1_ones[1]     ; clk          ; clk         ; 1.000        ; -0.056     ; 7.791      ;
; -6.824  ; abs_X1[7]  ; X1_hundreds[2] ; clk          ; clk         ; 1.000        ; 0.154      ; 7.965      ;
; -6.796  ; abs_X1[6]  ; X1_tens[0]     ; clk          ; clk         ; 1.000        ; 0.147      ; 7.930      ;
; -6.742  ; abs_X1[7]  ; X1_hundreds[3] ; clk          ; clk         ; 1.000        ; 0.154      ; 7.883      ;
; -6.740  ; abs_X1[7]  ; X1_hundreds[1] ; clk          ; clk         ; 1.000        ; 0.154      ; 7.881      ;
; -6.736  ; abs_X1[6]  ; X1_tens[1]     ; clk          ; clk         ; 1.000        ; 0.148      ; 7.871      ;
; -6.735  ; abs_X1[6]  ; X1_tens[3]     ; clk          ; clk         ; 1.000        ; 0.148      ; 7.870      ;
; -6.664  ; abs_X1[6]  ; X1_ones[2]     ; clk          ; clk         ; 1.000        ; 0.139      ; 7.790      ;
; -6.662  ; abs_X1[6]  ; X1_ones[3]     ; clk          ; clk         ; 1.000        ; 0.139      ; 7.788      ;
; -6.615  ; abs_X1[6]  ; X1_tens[2]     ; clk          ; clk         ; 1.000        ; 0.148      ; 7.750      ;
; -6.593  ; abs_X0[6]  ; X0_tens[0]     ; clk          ; clk         ; 1.000        ; -0.049     ; 7.531      ;
; -6.472  ; abs_X0[6]  ; X0_tens[3]     ; clk          ; clk         ; 1.000        ; 0.145      ; 7.604      ;
; -6.399  ; abs_X0[6]  ; X0_tens[1]     ; clk          ; clk         ; 1.000        ; 0.145      ; 7.531      ;
; -6.399  ; abs_X0[6]  ; X0_tens[2]     ; clk          ; clk         ; 1.000        ; 0.145      ; 7.531      ;
; -6.380  ; abs_X0[6]  ; X0_ones[2]     ; clk          ; clk         ; 1.000        ; -0.033     ; 7.334      ;
; -6.380  ; abs_X0[6]  ; X0_ones[3]     ; clk          ; clk         ; 1.000        ; -0.033     ; 7.334      ;
; -6.380  ; abs_X0[6]  ; X0_ones[1]     ; clk          ; clk         ; 1.000        ; -0.033     ; 7.334      ;
; -6.198  ; abs_X0[6]  ; X0_hundreds[2] ; clk          ; clk         ; 1.000        ; 0.156      ; 7.341      ;
; -6.197  ; abs_X0[6]  ; X0_hundreds[1] ; clk          ; clk         ; 1.000        ; 0.156      ; 7.340      ;
; -6.196  ; abs_X0[6]  ; X0_hundreds[3] ; clk          ; clk         ; 1.000        ; 0.156      ; 7.339      ;
; -6.064  ; abs_X1[5]  ; X1_tens[0]     ; clk          ; clk         ; 1.000        ; 0.147      ; 7.198      ;
; -6.036  ; abs_X0[6]  ; X0_hundreds[0] ; clk          ; clk         ; 1.000        ; 0.155      ; 7.178      ;
; -6.029  ; abs_X1[5]  ; X1_tens[1]     ; clk          ; clk         ; 1.000        ; 0.148      ; 7.164      ;
; -6.003  ; abs_X1[5]  ; X1_tens[3]     ; clk          ; clk         ; 1.000        ; 0.148      ; 7.138      ;
; -5.883  ; abs_X1[5]  ; X1_tens[2]     ; clk          ; clk         ; 1.000        ; 0.148      ; 7.018      ;
; -5.824  ; abs_X1[5]  ; X1_ones[1]     ; clk          ; clk         ; 1.000        ; -0.056     ; 6.755      ;
; -5.763  ; abs_X1[6]  ; X1_hundreds[0] ; clk          ; clk         ; 1.000        ; 0.155      ; 6.905      ;
; -5.665  ; abs_X1[6]  ; X1_hundreds[2] ; clk          ; clk         ; 1.000        ; 0.154      ; 6.806      ;
; -5.628  ; abs_X1[5]  ; X1_ones[2]     ; clk          ; clk         ; 1.000        ; 0.139      ; 6.754      ;
; -5.626  ; abs_X1[5]  ; X1_ones[3]     ; clk          ; clk         ; 1.000        ; 0.139      ; 6.752      ;
; -5.616  ; abs_X0[5]  ; X0_ones[2]     ; clk          ; clk         ; 1.000        ; -0.033     ; 6.570      ;
; -5.616  ; abs_X0[5]  ; X0_ones[3]     ; clk          ; clk         ; 1.000        ; -0.033     ; 6.570      ;
; -5.616  ; abs_X0[5]  ; X0_ones[1]     ; clk          ; clk         ; 1.000        ; -0.033     ; 6.570      ;
; -5.583  ; abs_X1[6]  ; X1_hundreds[3] ; clk          ; clk         ; 1.000        ; 0.154      ; 6.724      ;
; -5.581  ; abs_X1[6]  ; X1_hundreds[1] ; clk          ; clk         ; 1.000        ; 0.154      ; 6.722      ;
; -5.418  ; abs_X0[5]  ; X0_tens[0]     ; clk          ; clk         ; 1.000        ; -0.049     ; 6.356      ;
; -5.297  ; abs_X0[5]  ; X0_tens[3]     ; clk          ; clk         ; 1.000        ; 0.145      ; 6.429      ;
+---------+------------+----------------+--------------+-------------+--------------+------------+------------+


+----------------------------------------------------------------------------------------------------------+
; Fast 1200mV 0C Model Hold: 'clk'                                                                         ;
+-------+-----------+----------------+--------------+-------------+--------------+------------+------------+
; Slack ; From Node ; To Node        ; Launch Clock ; Latch Clock ; Relationship ; Clock Skew ; Data Delay ;
+-------+-----------+----------------+--------------+-------------+--------------+------------+------------+
; 0.651 ; abs_X0[0] ; X0_ones[0]     ; clk          ; clk         ; 0.000        ; -0.141     ; 0.594      ;
; 0.665 ; x1[1]     ; abs_X0[1]      ; clk          ; clk         ; 0.000        ; 0.228      ; 0.977      ;
; 0.677 ; x0[0]     ; abs_X0[0]      ; clk          ; clk         ; 0.000        ; 0.228      ; 0.989      ;
; 0.694 ; abs_X0[1] ; X0_ones[1]     ; clk          ; clk         ; 0.000        ; -0.103     ; 0.675      ;
; 0.710 ; x0[10]    ; abs_X0[16]     ; clk          ; clk         ; 0.000        ; 0.039      ; 0.833      ;
; 0.725 ; x0[10]    ; abs_X0[0]      ; clk          ; clk         ; 0.000        ; 0.228      ; 1.037      ;
; 0.725 ; x0[10]    ; abs_X0[1]      ; clk          ; clk         ; 0.000        ; 0.228      ; 1.037      ;
; 0.725 ; x0[1]     ; abs_X0[1]      ; clk          ; clk         ; 0.000        ; 0.229      ; 1.038      ;
; 0.779 ; x0[10]    ; abs_X0[7]      ; clk          ; clk         ; 0.000        ; 0.039      ; 0.902      ;
; 0.785 ; x1[10]    ; abs_X0[16]     ; clk          ; clk         ; 0.000        ; 0.039      ; 0.908      ;
; 0.800 ; x1[10]    ; abs_X0[0]      ; clk          ; clk         ; 0.000        ; 0.228      ; 1.112      ;
; 0.800 ; x1[10]    ; abs_X0[1]      ; clk          ; clk         ; 0.000        ; 0.228      ; 1.112      ;
; 0.818 ; x0[10]    ; abs_X0[8]      ; clk          ; clk         ; 0.000        ; 0.039      ; 0.941      ;
; 0.822 ; x0[0]     ; abs_X0[1]      ; clk          ; clk         ; 0.000        ; 0.228      ; 1.134      ;
; 0.841 ; x1[5]     ; abs_X0[5]      ; clk          ; clk         ; 0.000        ; 0.039      ; 0.964      ;
; 0.845 ; x1[3]     ; abs_X0[3]      ; clk          ; clk         ; 0.000        ; 0.039      ; 0.968      ;
; 0.847 ; x1[0]     ; abs_X0[0]      ; clk          ; clk         ; 0.000        ; 0.229      ; 1.160      ;
; 0.854 ; x1[10]    ; abs_X0[7]      ; clk          ; clk         ; 0.000        ; 0.039      ; 0.977      ;
; 0.857 ; x0[4]     ; abs_X0[4]      ; clk          ; clk         ; 0.000        ; 0.039      ; 0.980      ;
; 0.893 ; x1[10]    ; abs_X0[8]      ; clk          ; clk         ; 0.000        ; 0.039      ; 1.016      ;
; 0.907 ; x0[6]     ; abs_X0[6]      ; clk          ; clk         ; 0.000        ; 0.039      ; 1.030      ;
; 0.909 ; x0[5]     ; abs_X0[5]      ; clk          ; clk         ; 0.000        ; 0.040      ; 1.033      ;
; 0.914 ; x0[10]    ; abs_X0[6]      ; clk          ; clk         ; 0.000        ; 0.039      ; 1.037      ;
; 0.914 ; x0[10]    ; abs_X0[5]      ; clk          ; clk         ; 0.000        ; 0.039      ; 1.037      ;
; 0.914 ; x0[10]    ; abs_X0[4]      ; clk          ; clk         ; 0.000        ; 0.039      ; 1.037      ;
; 0.914 ; x0[10]    ; abs_X0[3]      ; clk          ; clk         ; 0.000        ; 0.039      ; 1.037      ;
; 0.914 ; x0[10]    ; abs_X0[2]      ; clk          ; clk         ; 0.000        ; 0.039      ; 1.037      ;
; 0.914 ; x1[5]     ; abs_X0[16]     ; clk          ; clk         ; 0.000        ; 0.039      ; 1.037      ;
; 0.919 ; x0[2]     ; abs_X0[2]      ; clk          ; clk         ; 0.000        ; 0.039      ; 1.042      ;
; 0.922 ; x0[6]     ; abs_X0[16]     ; clk          ; clk         ; 0.000        ; 0.039      ; 1.045      ;
; 0.927 ; x1[6]     ; abs_X0[6]      ; clk          ; clk         ; 0.000        ; 0.040      ; 1.051      ;
; 0.929 ; x1[5]     ; abs_X0[0]      ; clk          ; clk         ; 0.000        ; 0.228      ; 1.241      ;
; 0.929 ; x1[5]     ; abs_X0[1]      ; clk          ; clk         ; 0.000        ; 0.228      ; 1.241      ;
; 0.929 ; x0[4]     ; abs_X0[16]     ; clk          ; clk         ; 0.000        ; 0.039      ; 1.052      ;
; 0.937 ; x0[6]     ; abs_X0[0]      ; clk          ; clk         ; 0.000        ; 0.228      ; 1.249      ;
; 0.937 ; x0[6]     ; abs_X0[1]      ; clk          ; clk         ; 0.000        ; 0.228      ; 1.249      ;
; 0.942 ; x1[6]     ; abs_X0[16]     ; clk          ; clk         ; 0.000        ; 0.040      ; 1.066      ;
; 0.944 ; x0[4]     ; abs_X0[0]      ; clk          ; clk         ; 0.000        ; 0.228      ; 1.256      ;
; 0.944 ; x0[4]     ; abs_X0[1]      ; clk          ; clk         ; 0.000        ; 0.228      ; 1.256      ;
; 0.957 ; x1[6]     ; abs_X0[0]      ; clk          ; clk         ; 0.000        ; 0.229      ; 1.270      ;
; 0.957 ; x1[6]     ; abs_X0[1]      ; clk          ; clk         ; 0.000        ; 0.229      ; 1.270      ;
; 0.964 ; abs_X0[2] ; X0_ones[2]     ; clk          ; clk         ; 0.000        ; 0.078      ; 1.126      ;
; 0.980 ; x1[5]     ; abs_X0[7]      ; clk          ; clk         ; 0.000        ; 0.039      ; 1.103      ;
; 0.981 ; x1[3]     ; abs_X0[16]     ; clk          ; clk         ; 0.000        ; 0.039      ; 1.104      ;
; 0.982 ; x0[5]     ; abs_X0[16]     ; clk          ; clk         ; 0.000        ; 0.040      ; 1.106      ;
; 0.988 ; x0[6]     ; abs_X0[7]      ; clk          ; clk         ; 0.000        ; 0.039      ; 1.111      ;
; 0.989 ; x1[10]    ; abs_X0[6]      ; clk          ; clk         ; 0.000        ; 0.039      ; 1.112      ;
; 0.989 ; x1[10]    ; abs_X0[5]      ; clk          ; clk         ; 0.000        ; 0.039      ; 1.112      ;
; 0.989 ; x1[10]    ; abs_X0[4]      ; clk          ; clk         ; 0.000        ; 0.039      ; 1.112      ;
; 0.989 ; x1[10]    ; abs_X0[3]      ; clk          ; clk         ; 0.000        ; 0.039      ; 1.112      ;
; 0.989 ; x1[10]    ; abs_X0[2]      ; clk          ; clk         ; 0.000        ; 0.039      ; 1.112      ;
; 0.993 ; x1[0]     ; abs_X0[1]      ; clk          ; clk         ; 0.000        ; 0.229      ; 1.306      ;
; 0.995 ; x1[5]     ; abs_X0[6]      ; clk          ; clk         ; 0.000        ; 0.039      ; 1.118      ;
; 0.995 ; x0[4]     ; abs_X0[7]      ; clk          ; clk         ; 0.000        ; 0.039      ; 1.118      ;
; 0.996 ; x1[3]     ; abs_X0[0]      ; clk          ; clk         ; 0.000        ; 0.228      ; 1.308      ;
; 0.996 ; x1[3]     ; abs_X0[1]      ; clk          ; clk         ; 0.000        ; 0.228      ; 1.308      ;
; 0.997 ; x0[5]     ; abs_X0[0]      ; clk          ; clk         ; 0.000        ; 0.229      ; 1.310      ;
; 0.997 ; x0[5]     ; abs_X0[1]      ; clk          ; clk         ; 0.000        ; 0.229      ; 1.310      ;
; 0.999 ; abs_X0[3] ; X0_ones[3]     ; clk          ; clk         ; 0.000        ; 0.078      ; 1.161      ;
; 1.001 ; x0[4]     ; abs_X0[5]      ; clk          ; clk         ; 0.000        ; 0.039      ; 1.124      ;
; 1.005 ; x1[3]     ; abs_X0[4]      ; clk          ; clk         ; 0.000        ; 0.039      ; 1.128      ;
; 1.007 ; x1[4]     ; abs_X0[4]      ; clk          ; clk         ; 0.000        ; 0.040      ; 1.131      ;
; 1.008 ; x1[6]     ; abs_X0[7]      ; clk          ; clk         ; 0.000        ; 0.040      ; 1.132      ;
; 1.009 ; x0[3]     ; abs_X0[3]      ; clk          ; clk         ; 0.000        ; 0.040      ; 1.133      ;
; 1.009 ; x1[1]     ; abs_X0[2]      ; clk          ; clk         ; 0.000        ; 0.039      ; 1.132      ;
; 1.010 ; x0[4]     ; abs_X0[6]      ; clk          ; clk         ; 0.000        ; 0.039      ; 1.133      ;
; 1.021 ; x0[0]     ; abs_X0[2]      ; clk          ; clk         ; 0.000        ; 0.039      ; 1.144      ;
; 1.022 ; x1[5]     ; abs_X0[8]      ; clk          ; clk         ; 0.000        ; 0.039      ; 1.145      ;
; 1.030 ; x0[6]     ; abs_X0[8]      ; clk          ; clk         ; 0.000        ; 0.039      ; 1.153      ;
; 1.033 ; x1[3]     ; abs_X0[5]      ; clk          ; clk         ; 0.000        ; 0.039      ; 1.156      ;
; 1.037 ; x0[4]     ; abs_X0[8]      ; clk          ; clk         ; 0.000        ; 0.039      ; 1.160      ;
; 1.042 ; x1[1]     ; abs_X0[3]      ; clk          ; clk         ; 0.000        ; 0.039      ; 1.165      ;
; 1.044 ; x1[2]     ; abs_X0[2]      ; clk          ; clk         ; 0.000        ; 0.040      ; 1.168      ;
; 1.047 ; x1[1]     ; abs_X0[16]     ; clk          ; clk         ; 0.000        ; 0.039      ; 1.170      ;
; 1.047 ; x1[3]     ; abs_X0[7]      ; clk          ; clk         ; 0.000        ; 0.039      ; 1.170      ;
; 1.048 ; x0[5]     ; abs_X0[7]      ; clk          ; clk         ; 0.000        ; 0.040      ; 1.172      ;
; 1.050 ; x1[6]     ; abs_X0[8]      ; clk          ; clk         ; 0.000        ; 0.040      ; 1.174      ;
; 1.053 ; x0[2]     ; abs_X0[16]     ; clk          ; clk         ; 0.000        ; 0.039      ; 1.176      ;
; 1.059 ; x0[0]     ; abs_X0[16]     ; clk          ; clk         ; 0.000        ; 0.039      ; 1.182      ;
; 1.062 ; x1[1]     ; abs_X0[0]      ; clk          ; clk         ; 0.000        ; 0.228      ; 1.374      ;
; 1.062 ; x1[3]     ; abs_X0[6]      ; clk          ; clk         ; 0.000        ; 0.039      ; 1.185      ;
; 1.062 ; x0[2]     ; abs_X0[3]      ; clk          ; clk         ; 0.000        ; 0.039      ; 1.185      ;
; 1.063 ; x0[5]     ; abs_X0[6]      ; clk          ; clk         ; 0.000        ; 0.040      ; 1.187      ;
; 1.068 ; x0[0]     ; abs_X0[3]      ; clk          ; clk         ; 0.000        ; 0.039      ; 1.191      ;
; 1.068 ; x0[2]     ; abs_X0[0]      ; clk          ; clk         ; 0.000        ; 0.228      ; 1.380      ;
; 1.068 ; x0[2]     ; abs_X0[1]      ; clk          ; clk         ; 0.000        ; 0.228      ; 1.380      ;
; 1.069 ; x0[1]     ; abs_X0[2]      ; clk          ; clk         ; 0.000        ; 0.040      ; 1.193      ;
; 1.071 ; x1[1]     ; abs_X0[4]      ; clk          ; clk         ; 0.000        ; 0.039      ; 1.194      ;
; 1.077 ; x0[2]     ; abs_X0[4]      ; clk          ; clk         ; 0.000        ; 0.039      ; 1.200      ;
; 1.079 ; x1[4]     ; abs_X0[16]     ; clk          ; clk         ; 0.000        ; 0.040      ; 1.203      ;
; 1.083 ; x0[0]     ; abs_X0[4]      ; clk          ; clk         ; 0.000        ; 0.039      ; 1.206      ;
; 1.089 ; x1[3]     ; abs_X0[8]      ; clk          ; clk         ; 0.000        ; 0.039      ; 1.212      ;
; 1.090 ; x0[5]     ; abs_X0[8]      ; clk          ; clk         ; 0.000        ; 0.040      ; 1.214      ;
; 1.094 ; x1[4]     ; abs_X0[0]      ; clk          ; clk         ; 0.000        ; 0.229      ; 1.407      ;
; 1.094 ; x1[4]     ; abs_X0[1]      ; clk          ; clk         ; 0.000        ; 0.229      ; 1.407      ;
; 1.102 ; x0[1]     ; abs_X0[3]      ; clk          ; clk         ; 0.000        ; 0.040      ; 1.226      ;
; 1.107 ; x0[1]     ; abs_X0[16]     ; clk          ; clk         ; 0.000        ; 0.040      ; 1.231      ;
; 1.108 ; x1[1]     ; abs_X0[5]      ; clk          ; clk         ; 0.000        ; 0.039      ; 1.231      ;
; 1.113 ; x1[1]     ; abs_X0[7]      ; clk          ; clk         ; 0.000        ; 0.039      ; 1.236      ;
; 1.118 ; abs_X0[2] ; X0_hundreds[0] ; clk          ; clk         ; 0.000        ; 0.275      ; 1.477      ;
+-------+-----------+----------------+--------------+-------------+--------------+------------+------------+


+------------------------------------------------------------------------------------------------+
; Fast 1200mV 0C Model Minimum Pulse Width: 'clk'                                                ;
+--------+--------------+----------------+-----------------+-------+------------+----------------+
; Slack  ; Actual Width ; Required Width ; Type            ; Clock ; Clock Edge ; Target         ;
+--------+--------------+----------------+-----------------+-------+------------+----------------+
; -3.000 ; 1.000        ; 4.000          ; Port Rate       ; clk   ; Rise       ; clk            ;
; -1.000 ; 1.000        ; 2.000          ; Min Period      ; clk   ; Rise       ; X0_hundreds[0] ;
; -1.000 ; 1.000        ; 2.000          ; Min Period      ; clk   ; Rise       ; X0_hundreds[1] ;
; -1.000 ; 1.000        ; 2.000          ; Min Period      ; clk   ; Rise       ; X0_hundreds[2] ;
; -1.000 ; 1.000        ; 2.000          ; Min Period      ; clk   ; Rise       ; X0_hundreds[3] ;
; -1.000 ; 1.000        ; 2.000          ; Min Period      ; clk   ; Rise       ; X0_ones[0]     ;
; -1.000 ; 1.000        ; 2.000          ; Min Period      ; clk   ; Rise       ; X0_ones[1]     ;
; -1.000 ; 1.000        ; 2.000          ; Min Period      ; clk   ; Rise       ; X0_ones[2]     ;
; -1.000 ; 1.000        ; 2.000          ; Min Period      ; clk   ; Rise       ; X0_ones[3]     ;
; -1.000 ; 1.000        ; 2.000          ; Min Period      ; clk   ; Rise       ; X0_tens[0]     ;
; -1.000 ; 1.000        ; 2.000          ; Min Period      ; clk   ; Rise       ; X0_tens[1]     ;
; -1.000 ; 1.000        ; 2.000          ; Min Period      ; clk   ; Rise       ; X0_tens[2]     ;
; -1.000 ; 1.000        ; 2.000          ; Min Period      ; clk   ; Rise       ; X0_tens[3]     ;
; -1.000 ; 1.000        ; 2.000          ; Min Period      ; clk   ; Rise       ; X1_hundreds[0] ;
; -1.000 ; 1.000        ; 2.000          ; Min Period      ; clk   ; Rise       ; X1_hundreds[1] ;
; -1.000 ; 1.000        ; 2.000          ; Min Period      ; clk   ; Rise       ; X1_hundreds[2] ;
; -1.000 ; 1.000        ; 2.000          ; Min Period      ; clk   ; Rise       ; X1_hundreds[3] ;
; -1.000 ; 1.000        ; 2.000          ; Min Period      ; clk   ; Rise       ; X1_ones[0]     ;
; -1.000 ; 1.000        ; 2.000          ; Min Period      ; clk   ; Rise       ; X1_ones[1]     ;
; -1.000 ; 1.000        ; 2.000          ; Min Period      ; clk   ; Rise       ; X1_ones[2]     ;
; -1.000 ; 1.000        ; 2.000          ; Min Period      ; clk   ; Rise       ; X1_ones[3]     ;
; -1.000 ; 1.000        ; 2.000          ; Min Period      ; clk   ; Rise       ; X1_tens[0]     ;
; -1.000 ; 1.000        ; 2.000          ; Min Period      ; clk   ; Rise       ; X1_tens[1]     ;
; -1.000 ; 1.000        ; 2.000          ; Min Period      ; clk   ; Rise       ; X1_tens[2]     ;
; -1.000 ; 1.000        ; 2.000          ; Min Period      ; clk   ; Rise       ; X1_tens[3]     ;
; -1.000 ; 1.000        ; 2.000          ; Min Period      ; clk   ; Rise       ; abs_X0[0]      ;
; -1.000 ; 1.000        ; 2.000          ; Min Period      ; clk   ; Rise       ; abs_X0[16]     ;
; -1.000 ; 1.000        ; 2.000          ; Min Period      ; clk   ; Rise       ; abs_X0[1]      ;
; -1.000 ; 1.000        ; 2.000          ; Min Period      ; clk   ; Rise       ; abs_X0[2]      ;
; -1.000 ; 1.000        ; 2.000          ; Min Period      ; clk   ; Rise       ; abs_X0[3]      ;
; -1.000 ; 1.000        ; 2.000          ; Min Period      ; clk   ; Rise       ; abs_X0[4]      ;
; -1.000 ; 1.000        ; 2.000          ; Min Period      ; clk   ; Rise       ; abs_X0[5]      ;
; -1.000 ; 1.000        ; 2.000          ; Min Period      ; clk   ; Rise       ; abs_X0[6]      ;
; -1.000 ; 1.000        ; 2.000          ; Min Period      ; clk   ; Rise       ; abs_X0[7]      ;
; -1.000 ; 1.000        ; 2.000          ; Min Period      ; clk   ; Rise       ; abs_X0[8]      ;
; -1.000 ; 1.000        ; 2.000          ; Min Period      ; clk   ; Rise       ; abs_X1[0]      ;
; -1.000 ; 1.000        ; 2.000          ; Min Period      ; clk   ; Rise       ; abs_X1[16]     ;
; -1.000 ; 1.000        ; 2.000          ; Min Period      ; clk   ; Rise       ; abs_X1[1]      ;
; -1.000 ; 1.000        ; 2.000          ; Min Period      ; clk   ; Rise       ; abs_X1[2]      ;
; -1.000 ; 1.000        ; 2.000          ; Min Period      ; clk   ; Rise       ; abs_X1[3]      ;
; -1.000 ; 1.000        ; 2.000          ; Min Period      ; clk   ; Rise       ; abs_X1[4]      ;
; -1.000 ; 1.000        ; 2.000          ; Min Period      ; clk   ; Rise       ; abs_X1[5]      ;
; -1.000 ; 1.000        ; 2.000          ; Min Period      ; clk   ; Rise       ; abs_X1[6]      ;
; -1.000 ; 1.000        ; 2.000          ; Min Period      ; clk   ; Rise       ; abs_X1[7]      ;
; -1.000 ; 1.000        ; 2.000          ; Min Period      ; clk   ; Rise       ; abs_X1[8]      ;
; -1.000 ; 1.000        ; 2.000          ; Min Period      ; clk   ; Rise       ; x0[0]          ;
; -1.000 ; 1.000        ; 2.000          ; Min Period      ; clk   ; Rise       ; x0[10]         ;
; -1.000 ; 1.000        ; 2.000          ; Min Period      ; clk   ; Rise       ; x0[1]          ;
; -1.000 ; 1.000        ; 2.000          ; Min Period      ; clk   ; Rise       ; x0[2]          ;
; -1.000 ; 1.000        ; 2.000          ; Min Period      ; clk   ; Rise       ; x0[3]          ;
; -1.000 ; 1.000        ; 2.000          ; Min Period      ; clk   ; Rise       ; x0[4]          ;
; -1.000 ; 1.000        ; 2.000          ; Min Period      ; clk   ; Rise       ; x0[5]          ;
; -1.000 ; 1.000        ; 2.000          ; Min Period      ; clk   ; Rise       ; x0[6]          ;
; -1.000 ; 1.000        ; 2.000          ; Min Period      ; clk   ; Rise       ; x1[0]          ;
; -1.000 ; 1.000        ; 2.000          ; Min Period      ; clk   ; Rise       ; x1[10]         ;
; -1.000 ; 1.000        ; 2.000          ; Min Period      ; clk   ; Rise       ; x1[1]          ;
; -1.000 ; 1.000        ; 2.000          ; Min Period      ; clk   ; Rise       ; x1[2]          ;
; -1.000 ; 1.000        ; 2.000          ; Min Period      ; clk   ; Rise       ; x1[3]          ;
; -1.000 ; 1.000        ; 2.000          ; Min Period      ; clk   ; Rise       ; x1[4]          ;
; -1.000 ; 1.000        ; 2.000          ; Min Period      ; clk   ; Rise       ; x1[5]          ;
; -1.000 ; 1.000        ; 2.000          ; Min Period      ; clk   ; Rise       ; x1[6]          ;
; -0.091 ; 0.093        ; 0.184          ; Low Pulse Width ; clk   ; Rise       ; X1_tens[1]     ;
; -0.091 ; 0.093        ; 0.184          ; Low Pulse Width ; clk   ; Rise       ; X1_tens[2]     ;
; -0.091 ; 0.093        ; 0.184          ; Low Pulse Width ; clk   ; Rise       ; X1_tens[3]     ;
; -0.086 ; 0.098        ; 0.184          ; Low Pulse Width ; clk   ; Rise       ; X1_hundreds[0] ;
; -0.086 ; 0.098        ; 0.184          ; Low Pulse Width ; clk   ; Rise       ; X1_hundreds[1] ;
; -0.086 ; 0.098        ; 0.184          ; Low Pulse Width ; clk   ; Rise       ; X1_hundreds[2] ;
; -0.086 ; 0.098        ; 0.184          ; Low Pulse Width ; clk   ; Rise       ; X1_hundreds[3] ;
; -0.086 ; 0.098        ; 0.184          ; Low Pulse Width ; clk   ; Rise       ; X1_ones[2]     ;
; -0.086 ; 0.098        ; 0.184          ; Low Pulse Width ; clk   ; Rise       ; X1_ones[3]     ;
; -0.085 ; 0.099        ; 0.184          ; Low Pulse Width ; clk   ; Rise       ; X0_hundreds[0] ;
; -0.085 ; 0.099        ; 0.184          ; Low Pulse Width ; clk   ; Rise       ; X1_tens[0]     ;
; -0.083 ; 0.101        ; 0.184          ; Low Pulse Width ; clk   ; Rise       ; X0_hundreds[1] ;
; -0.083 ; 0.101        ; 0.184          ; Low Pulse Width ; clk   ; Rise       ; X0_hundreds[2] ;
; -0.083 ; 0.101        ; 0.184          ; Low Pulse Width ; clk   ; Rise       ; X0_hundreds[3] ;
; -0.083 ; 0.101        ; 0.184          ; Low Pulse Width ; clk   ; Rise       ; X0_tens[1]     ;
; -0.083 ; 0.101        ; 0.184          ; Low Pulse Width ; clk   ; Rise       ; X0_tens[2]     ;
; -0.083 ; 0.101        ; 0.184          ; Low Pulse Width ; clk   ; Rise       ; X0_tens[3]     ;
; -0.077 ; 0.107        ; 0.184          ; Low Pulse Width ; clk   ; Rise       ; abs_X0[0]      ;
; -0.077 ; 0.107        ; 0.184          ; Low Pulse Width ; clk   ; Rise       ; abs_X0[1]      ;
; -0.076 ; 0.108        ; 0.184          ; Low Pulse Width ; clk   ; Rise       ; abs_X1[0]      ;
; -0.076 ; 0.108        ; 0.184          ; Low Pulse Width ; clk   ; Rise       ; abs_X1[1]      ;
; -0.076 ; 0.108        ; 0.184          ; Low Pulse Width ; clk   ; Rise       ; abs_X1[2]      ;
; -0.076 ; 0.108        ; 0.184          ; Low Pulse Width ; clk   ; Rise       ; abs_X1[4]      ;
; -0.063 ; 0.121        ; 0.184          ; Low Pulse Width ; clk   ; Rise       ; X0_ones[1]     ;
; -0.063 ; 0.121        ; 0.184          ; Low Pulse Width ; clk   ; Rise       ; X0_ones[2]     ;
; -0.063 ; 0.121        ; 0.184          ; Low Pulse Width ; clk   ; Rise       ; X0_ones[3]     ;
; -0.063 ; 0.121        ; 0.184          ; Low Pulse Width ; clk   ; Rise       ; X1_ones[1]     ;
; -0.062 ; 0.122        ; 0.184          ; Low Pulse Width ; clk   ; Rise       ; abs_X0[16]     ;
; -0.062 ; 0.122        ; 0.184          ; Low Pulse Width ; clk   ; Rise       ; abs_X0[2]      ;
; -0.062 ; 0.122        ; 0.184          ; Low Pulse Width ; clk   ; Rise       ; abs_X0[3]      ;
; -0.062 ; 0.122        ; 0.184          ; Low Pulse Width ; clk   ; Rise       ; abs_X0[4]      ;
; -0.062 ; 0.122        ; 0.184          ; Low Pulse Width ; clk   ; Rise       ; abs_X0[5]      ;
; -0.062 ; 0.122        ; 0.184          ; Low Pulse Width ; clk   ; Rise       ; abs_X0[6]      ;
; -0.062 ; 0.122        ; 0.184          ; Low Pulse Width ; clk   ; Rise       ; abs_X0[7]      ;
; -0.062 ; 0.122        ; 0.184          ; Low Pulse Width ; clk   ; Rise       ; abs_X0[8]      ;
; -0.061 ; 0.123        ; 0.184          ; Low Pulse Width ; clk   ; Rise       ; X0_ones[0]     ;
; -0.061 ; 0.123        ; 0.184          ; Low Pulse Width ; clk   ; Rise       ; X1_ones[0]     ;
; -0.061 ; 0.123        ; 0.184          ; Low Pulse Width ; clk   ; Rise       ; x0[0]          ;
; -0.061 ; 0.123        ; 0.184          ; Low Pulse Width ; clk   ; Rise       ; x0[10]         ;
+--------+--------------+----------------+-----------------+-------+------------+----------------+


+-----------------------------------------------------------------------+
; Setup Times                                                           ;
+-----------+------------+-------+-------+------------+-----------------+
; Data Port ; Clock Port ; Rise  ; Fall  ; Clock Edge ; Clock Reference ;
+-----------+------------+-------+-------+------------+-----------------+
; SW_x0[*]  ; clk        ; 1.315 ; 2.006 ; Rise       ; clk             ;
;  SW_x0[0] ; clk        ; 1.234 ; 1.917 ; Rise       ; clk             ;
;  SW_x0[1] ; clk        ; 1.237 ; 1.906 ; Rise       ; clk             ;
;  SW_x0[2] ; clk        ; 1.254 ; 1.936 ; Rise       ; clk             ;
;  SW_x0[3] ; clk        ; 1.295 ; 1.983 ; Rise       ; clk             ;
;  SW_x0[4] ; clk        ; 1.276 ; 1.958 ; Rise       ; clk             ;
;  SW_x0[5] ; clk        ; 1.224 ; 1.893 ; Rise       ; clk             ;
;  SW_x0[6] ; clk        ; 1.315 ; 2.006 ; Rise       ; clk             ;
;  SW_x0[7] ; clk        ; 1.160 ; 1.852 ; Rise       ; clk             ;
; SW_x1[*]  ; clk        ; 1.434 ; 2.143 ; Rise       ; clk             ;
;  SW_x1[0] ; clk        ; 1.434 ; 2.143 ; Rise       ; clk             ;
;  SW_x1[1] ; clk        ; 1.275 ; 1.953 ; Rise       ; clk             ;
;  SW_x1[2] ; clk        ; 1.301 ; 1.998 ; Rise       ; clk             ;
;  SW_x1[3] ; clk        ; 1.286 ; 1.984 ; Rise       ; clk             ;
;  SW_x1[4] ; clk        ; 1.285 ; 1.981 ; Rise       ; clk             ;
;  SW_x1[5] ; clk        ; 1.208 ; 1.885 ; Rise       ; clk             ;
;  SW_x1[6] ; clk        ; 1.194 ; 1.872 ; Rise       ; clk             ;
;  SW_x1[7] ; clk        ; 1.190 ; 1.892 ; Rise       ; clk             ;
+-----------+------------+-------+-------+------------+-----------------+


+-------------------------------------------------------------------------+
; Hold Times                                                              ;
+-----------+------------+--------+--------+------------+-----------------+
; Data Port ; Clock Port ; Rise   ; Fall   ; Clock Edge ; Clock Reference ;
+-----------+------------+--------+--------+------------+-----------------+
; SW_x0[*]  ; clk        ; -0.916 ; -1.591 ; Rise       ; clk             ;
;  SW_x0[0] ; clk        ; -0.993 ; -1.665 ; Rise       ; clk             ;
;  SW_x0[1] ; clk        ; -0.996 ; -1.656 ; Rise       ; clk             ;
;  SW_x0[2] ; clk        ; -1.012 ; -1.684 ; Rise       ; clk             ;
;  SW_x0[3] ; clk        ; -1.052 ; -1.729 ; Rise       ; clk             ;
;  SW_x0[4] ; clk        ; -1.033 ; -1.704 ; Rise       ; clk             ;
;  SW_x0[5] ; clk        ; -0.984 ; -1.643 ; Rise       ; clk             ;
;  SW_x0[6] ; clk        ; -1.070 ; -1.751 ; Rise       ; clk             ;
;  SW_x0[7] ; clk        ; -0.916 ; -1.591 ; Rise       ; clk             ;
; SW_x1[*]  ; clk        ; -0.944 ; -1.620 ; Rise       ; clk             ;
;  SW_x1[0] ; clk        ; -1.184 ; -1.882 ; Rise       ; clk             ;
;  SW_x1[1] ; clk        ; -1.031 ; -1.699 ; Rise       ; clk             ;
;  SW_x1[2] ; clk        ; -1.057 ; -1.743 ; Rise       ; clk             ;
;  SW_x1[3] ; clk        ; -1.041 ; -1.728 ; Rise       ; clk             ;
;  SW_x1[4] ; clk        ; -1.040 ; -1.726 ; Rise       ; clk             ;
;  SW_x1[5] ; clk        ; -0.966 ; -1.633 ; Rise       ; clk             ;
;  SW_x1[6] ; clk        ; -0.953 ; -1.620 ; Rise       ; clk             ;
;  SW_x1[7] ; clk        ; -0.944 ; -1.627 ; Rise       ; clk             ;
+-----------+------------+--------+--------+------------+-----------------+


+-----------------------------------------------------------------------+
; Clock to Output Times                                                 ;
+-----------+------------+-------+-------+------------+-----------------+
; Data Port ; Clock Port ; Rise  ; Fall  ; Clock Edge ; Clock Reference ;
+-----------+------------+-------+-------+------------+-----------------+
; HEX0[*]   ; clk        ; 6.673 ; 6.943 ; Rise       ; clk             ;
;  HEX0[0]  ; clk        ; 6.289 ; 6.557 ; Rise       ; clk             ;
;  HEX0[1]  ; clk        ; 6.673 ; 6.943 ; Rise       ; clk             ;
;  HEX0[2]  ; clk        ; 5.866 ; 6.072 ; Rise       ; clk             ;
;  HEX0[3]  ; clk        ; 5.270 ; 5.397 ; Rise       ; clk             ;
;  HEX0[4]  ; clk        ; 5.073 ; 5.199 ; Rise       ; clk             ;
;  HEX0[5]  ; clk        ; 6.242 ; 6.418 ; Rise       ; clk             ;
;  HEX0[6]  ; clk        ; 6.234 ; 6.025 ; Rise       ; clk             ;
; HEX1[*]   ; clk        ; 6.406 ; 6.512 ; Rise       ; clk             ;
;  HEX1[0]  ; clk        ; 5.644 ; 5.744 ; Rise       ; clk             ;
;  HEX1[1]  ; clk        ; 5.182 ; 5.277 ; Rise       ; clk             ;
;  HEX1[2]  ; clk        ; 5.345 ; 5.590 ; Rise       ; clk             ;
;  HEX1[3]  ; clk        ; 5.227 ; 5.285 ; Rise       ; clk             ;
;  HEX1[4]  ; clk        ; 5.716 ; 5.886 ; Rise       ; clk             ;
;  HEX1[5]  ; clk        ; 6.406 ; 6.512 ; Rise       ; clk             ;
;  HEX1[6]  ; clk        ; 6.354 ; 6.277 ; Rise       ; clk             ;
; HEX2[*]   ; clk        ; 6.069 ; 6.326 ; Rise       ; clk             ;
;  HEX2[0]  ; clk        ; 6.069 ; 6.326 ; Rise       ; clk             ;
;  HEX2[1]  ; clk        ; 5.498 ; 5.841 ; Rise       ; clk             ;
;  HEX2[2]  ; clk        ; 5.027 ; 5.141 ; Rise       ; clk             ;
;  HEX2[3]  ; clk        ; 5.772 ; 5.957 ; Rise       ; clk             ;
;  HEX2[4]  ; clk        ; 5.791 ; 6.118 ; Rise       ; clk             ;
;  HEX2[5]  ; clk        ; 5.856 ; 6.011 ; Rise       ; clk             ;
;  HEX2[6]  ; clk        ; 5.429 ; 5.260 ; Rise       ; clk             ;
; HEX3[*]   ; clk        ; 7.263 ; 7.491 ; Rise       ; clk             ;
;  HEX3[0]  ; clk        ; 5.915 ; 5.971 ; Rise       ; clk             ;
;  HEX3[1]  ; clk        ; 5.428 ; 5.714 ; Rise       ; clk             ;
;  HEX3[2]  ; clk        ; 7.263 ; 7.491 ; Rise       ; clk             ;
;  HEX3[3]  ; clk        ; 6.489 ; 6.617 ; Rise       ; clk             ;
;  HEX3[4]  ; clk        ; 6.695 ; 7.108 ; Rise       ; clk             ;
;  HEX3[5]  ; clk        ; 6.743 ; 6.907 ; Rise       ; clk             ;
;  HEX3[6]  ; clk        ; 7.236 ; 6.998 ; Rise       ; clk             ;
; HEX4[*]   ; clk        ; 6.780 ; 6.806 ; Rise       ; clk             ;
;  HEX4[0]  ; clk        ; 6.250 ; 6.567 ; Rise       ; clk             ;
;  HEX4[1]  ; clk        ; 5.597 ; 5.847 ; Rise       ; clk             ;
;  HEX4[2]  ; clk        ; 6.541 ; 6.806 ; Rise       ; clk             ;
;  HEX4[3]  ; clk        ; 6.387 ; 6.624 ; Rise       ; clk             ;
;  HEX4[4]  ; clk        ; 5.515 ; 5.709 ; Rise       ; clk             ;
;  HEX4[5]  ; clk        ; 5.630 ; 5.821 ; Rise       ; clk             ;
;  HEX4[6]  ; clk        ; 6.780 ; 6.495 ; Rise       ; clk             ;
; HEX5[*]   ; clk        ; 7.119 ; 7.473 ; Rise       ; clk             ;
;  HEX5[0]  ; clk        ; 6.413 ; 6.475 ; Rise       ; clk             ;
;  HEX5[1]  ; clk        ; 7.119 ; 7.473 ; Rise       ; clk             ;
;  HEX5[2]  ; clk        ; 6.313 ; 6.722 ; Rise       ; clk             ;
;  HEX5[3]  ; clk        ; 6.200 ; 6.225 ; Rise       ; clk             ;
;  HEX5[4]  ; clk        ; 5.941 ; 6.212 ; Rise       ; clk             ;
;  HEX5[5]  ; clk        ; 6.220 ; 6.247 ; Rise       ; clk             ;
;  HEX5[6]  ; clk        ; 6.349 ; 6.314 ; Rise       ; clk             ;
+-----------+------------+-------+-------+------------+-----------------+


+-----------------------------------------------------------------------+
; Minimum Clock to Output Times                                         ;
+-----------+------------+-------+-------+------------+-----------------+
; Data Port ; Clock Port ; Rise  ; Fall  ; Clock Edge ; Clock Reference ;
+-----------+------------+-------+-------+------------+-----------------+
; HEX0[*]   ; clk        ; 4.321 ; 4.502 ; Rise       ; clk             ;
;  HEX0[0]  ; clk        ; 5.492 ; 5.752 ; Rise       ; clk             ;
;  HEX0[1]  ; clk        ; 5.897 ; 6.140 ; Rise       ; clk             ;
;  HEX0[2]  ; clk        ; 5.099 ; 5.290 ; Rise       ; clk             ;
;  HEX0[3]  ; clk        ; 4.513 ; 4.636 ; Rise       ; clk             ;
;  HEX0[4]  ; clk        ; 4.321 ; 4.502 ; Rise       ; clk             ;
;  HEX0[5]  ; clk        ; 5.476 ; 5.742 ; Rise       ; clk             ;
;  HEX0[6]  ; clk        ; 5.368 ; 5.145 ; Rise       ; clk             ;
; HEX1[*]   ; clk        ; 4.306 ; 4.343 ; Rise       ; clk             ;
;  HEX1[0]  ; clk        ; 4.713 ; 4.788 ; Rise       ; clk             ;
;  HEX1[1]  ; clk        ; 4.306 ; 4.343 ; Rise       ; clk             ;
;  HEX1[2]  ; clk        ; 4.648 ; 4.659 ; Rise       ; clk             ;
;  HEX1[3]  ; clk        ; 4.316 ; 4.353 ; Rise       ; clk             ;
;  HEX1[4]  ; clk        ; 4.827 ; 5.060 ; Rise       ; clk             ;
;  HEX1[5]  ; clk        ; 5.484 ; 5.656 ; Rise       ; clk             ;
;  HEX1[6]  ; clk        ; 5.430 ; 5.397 ; Rise       ; clk             ;
; HEX2[*]   ; clk        ; 4.626 ; 4.745 ; Rise       ; clk             ;
;  HEX2[0]  ; clk        ; 5.604 ; 5.870 ; Rise       ; clk             ;
;  HEX2[1]  ; clk        ; 5.174 ; 5.403 ; Rise       ; clk             ;
;  HEX2[2]  ; clk        ; 4.626 ; 4.745 ; Rise       ; clk             ;
;  HEX2[3]  ; clk        ; 5.303 ; 5.507 ; Rise       ; clk             ;
;  HEX2[4]  ; clk        ; 5.424 ; 5.699 ; Rise       ; clk             ;
;  HEX2[5]  ; clk        ; 5.388 ; 5.593 ; Rise       ; clk             ;
;  HEX2[6]  ; clk        ; 4.992 ; 4.829 ; Rise       ; clk             ;
; HEX3[*]   ; clk        ; 4.640 ; 4.680 ; Rise       ; clk             ;
;  HEX3[0]  ; clk        ; 4.868 ; 4.941 ; Rise       ; clk             ;
;  HEX3[1]  ; clk        ; 4.640 ; 4.680 ; Rise       ; clk             ;
;  HEX3[2]  ; clk        ; 6.238 ; 6.458 ; Rise       ; clk             ;
;  HEX3[3]  ; clk        ; 5.415 ; 5.556 ; Rise       ; clk             ;
;  HEX3[4]  ; clk        ; 5.851 ; 6.031 ; Rise       ; clk             ;
;  HEX3[5]  ; clk        ; 5.662 ; 6.037 ; Rise       ; clk             ;
;  HEX3[6]  ; clk        ; 6.142 ; 5.914 ; Rise       ; clk             ;
; HEX4[*]   ; clk        ; 4.901 ; 5.148 ; Rise       ; clk             ;
;  HEX4[0]  ; clk        ; 5.608 ; 5.929 ; Rise       ; clk             ;
;  HEX4[1]  ; clk        ; 5.013 ; 5.229 ; Rise       ; clk             ;
;  HEX4[2]  ; clk        ; 5.930 ; 6.160 ; Rise       ; clk             ;
;  HEX4[3]  ; clk        ; 5.747 ; 5.989 ; Rise       ; clk             ;
;  HEX4[4]  ; clk        ; 4.901 ; 5.148 ; Rise       ; clk             ;
;  HEX4[5]  ; clk        ; 5.004 ; 5.257 ; Rise       ; clk             ;
;  HEX4[6]  ; clk        ; 6.137 ; 5.911 ; Rise       ; clk             ;
; HEX5[*]   ; clk        ; 5.231 ; 5.270 ; Rise       ; clk             ;
;  HEX5[0]  ; clk        ; 5.446 ; 5.508 ; Rise       ; clk             ;
;  HEX5[1]  ; clk        ; 6.381 ; 6.622 ; Rise       ; clk             ;
;  HEX5[2]  ; clk        ; 5.655 ; 5.745 ; Rise       ; clk             ;
;  HEX5[3]  ; clk        ; 5.243 ; 5.270 ; Rise       ; clk             ;
;  HEX5[4]  ; clk        ; 5.231 ; 5.495 ; Rise       ; clk             ;
;  HEX5[5]  ; clk        ; 5.260 ; 5.289 ; Rise       ; clk             ;
;  HEX5[6]  ; clk        ; 5.390 ; 5.354 ; Rise       ; clk             ;
+-----------+------------+-------+-------+------------+-----------------+


----------------------------------------------
; Fast 1200mV 0C Model Metastability Summary ;
----------------------------------------------
No synchronizer chains to report.


+--------------------------------------------------------------------------------+
; Multicorner Timing Analysis Summary                                            ;
+------------------+----------+-------+----------+---------+---------------------+
; Clock            ; Setup    ; Hold  ; Recovery ; Removal ; Minimum Pulse Width ;
+------------------+----------+-------+----------+---------+---------------------+
; Worst-case Slack ; -22.708  ; 0.651 ; N/A      ; N/A     ; -3.000              ;
;  clk             ; -22.708  ; 0.651 ; N/A      ; N/A     ; -3.000              ;
; Design-wide TNS  ; -550.165 ; 0.0   ; 0.0      ; 0.0     ; -80.1               ;
;  clk             ; -550.165 ; 0.000 ; N/A      ; N/A     ; -80.100             ;
+------------------+----------+-------+----------+---------+---------------------+


+-----------------------------------------------------------------------+
; Setup Times                                                           ;
+-----------+------------+-------+-------+------------+-----------------+
; Data Port ; Clock Port ; Rise  ; Fall  ; Clock Edge ; Clock Reference ;
+-----------+------------+-------+-------+------------+-----------------+
; SW_x0[*]  ; clk        ; 2.688 ; 3.135 ; Rise       ; clk             ;
;  SW_x0[0] ; clk        ; 2.575 ; 3.013 ; Rise       ; clk             ;
;  SW_x0[1] ; clk        ; 2.564 ; 2.977 ; Rise       ; clk             ;
;  SW_x0[2] ; clk        ; 2.636 ; 3.039 ; Rise       ; clk             ;
;  SW_x0[3] ; clk        ; 2.650 ; 3.101 ; Rise       ; clk             ;
;  SW_x0[4] ; clk        ; 2.649 ; 3.040 ; Rise       ; clk             ;
;  SW_x0[5] ; clk        ; 2.555 ; 2.960 ; Rise       ; clk             ;
;  SW_x0[6] ; clk        ; 2.688 ; 3.135 ; Rise       ; clk             ;
;  SW_x0[7] ; clk        ; 2.403 ; 2.834 ; Rise       ; clk             ;
; SW_x1[*]  ; clk        ; 2.989 ; 3.419 ; Rise       ; clk             ;
;  SW_x1[0] ; clk        ; 2.989 ; 3.419 ; Rise       ; clk             ;
;  SW_x1[1] ; clk        ; 2.644 ; 3.046 ; Rise       ; clk             ;
;  SW_x1[2] ; clk        ; 2.688 ; 3.139 ; Rise       ; clk             ;
;  SW_x1[3] ; clk        ; 2.668 ; 3.123 ; Rise       ; clk             ;
;  SW_x1[4] ; clk        ; 2.673 ; 3.131 ; Rise       ; clk             ;
;  SW_x1[5] ; clk        ; 2.539 ; 2.956 ; Rise       ; clk             ;
;  SW_x1[6] ; clk        ; 2.558 ; 2.967 ; Rise       ; clk             ;
;  SW_x1[7] ; clk        ; 2.498 ; 2.910 ; Rise       ; clk             ;
+-----------+------------+-------+-------+------------+-----------------+


+-------------------------------------------------------------------------+
; Hold Times                                                              ;
+-----------+------------+--------+--------+------------+-----------------+
; Data Port ; Clock Port ; Rise   ; Fall   ; Clock Edge ; Clock Reference ;
+-----------+------------+--------+--------+------------+-----------------+
; SW_x0[*]  ; clk        ; -0.916 ; -1.591 ; Rise       ; clk             ;
;  SW_x0[0] ; clk        ; -0.993 ; -1.665 ; Rise       ; clk             ;
;  SW_x0[1] ; clk        ; -0.996 ; -1.656 ; Rise       ; clk             ;
;  SW_x0[2] ; clk        ; -1.012 ; -1.684 ; Rise       ; clk             ;
;  SW_x0[3] ; clk        ; -1.052 ; -1.729 ; Rise       ; clk             ;
;  SW_x0[4] ; clk        ; -1.033 ; -1.704 ; Rise       ; clk             ;
;  SW_x0[5] ; clk        ; -0.984 ; -1.643 ; Rise       ; clk             ;
;  SW_x0[6] ; clk        ; -1.070 ; -1.751 ; Rise       ; clk             ;
;  SW_x0[7] ; clk        ; -0.916 ; -1.591 ; Rise       ; clk             ;
; SW_x1[*]  ; clk        ; -0.944 ; -1.620 ; Rise       ; clk             ;
;  SW_x1[0] ; clk        ; -1.184 ; -1.882 ; Rise       ; clk             ;
;  SW_x1[1] ; clk        ; -1.031 ; -1.699 ; Rise       ; clk             ;
;  SW_x1[2] ; clk        ; -1.057 ; -1.743 ; Rise       ; clk             ;
;  SW_x1[3] ; clk        ; -1.041 ; -1.728 ; Rise       ; clk             ;
;  SW_x1[4] ; clk        ; -1.040 ; -1.726 ; Rise       ; clk             ;
;  SW_x1[5] ; clk        ; -0.966 ; -1.633 ; Rise       ; clk             ;
;  SW_x1[6] ; clk        ; -0.953 ; -1.620 ; Rise       ; clk             ;
;  SW_x1[7] ; clk        ; -0.944 ; -1.627 ; Rise       ; clk             ;
+-----------+------------+--------+--------+------------+-----------------+


+-------------------------------------------------------------------------+
; Clock to Output Times                                                   ;
+-----------+------------+--------+--------+------------+-----------------+
; Data Port ; Clock Port ; Rise   ; Fall   ; Clock Edge ; Clock Reference ;
+-----------+------------+--------+--------+------------+-----------------+
; HEX0[*]   ; clk        ; 12.365 ; 12.441 ; Rise       ; clk             ;
;  HEX0[0]  ; clk        ; 12.075 ; 11.966 ; Rise       ; clk             ;
;  HEX0[1]  ; clk        ; 12.365 ; 12.441 ; Rise       ; clk             ;
;  HEX0[2]  ; clk        ; 11.223 ; 11.180 ; Rise       ; clk             ;
;  HEX0[3]  ; clk        ; 10.084 ; 9.952  ; Rise       ; clk             ;
;  HEX0[4]  ; clk        ; 9.628  ; 9.604  ; Rise       ; clk             ;
;  HEX0[5]  ; clk        ; 11.518 ; 11.562 ; Rise       ; clk             ;
;  HEX0[6]  ; clk        ; 11.421 ; 11.581 ; Rise       ; clk             ;
; HEX1[*]   ; clk        ; 11.806 ; 11.886 ; Rise       ; clk             ;
;  HEX1[0]  ; clk        ; 10.793 ; 10.743 ; Rise       ; clk             ;
;  HEX1[1]  ; clk        ; 9.935  ; 9.827  ; Rise       ; clk             ;
;  HEX1[2]  ; clk        ; 10.520 ; 10.383 ; Rise       ; clk             ;
;  HEX1[3]  ; clk        ; 9.944  ; 9.911  ; Rise       ; clk             ;
;  HEX1[4]  ; clk        ; 11.003 ; 10.871 ; Rise       ; clk             ;
;  HEX1[5]  ; clk        ; 11.806 ; 11.886 ; Rise       ; clk             ;
;  HEX1[6]  ; clk        ; 11.623 ; 11.545 ; Rise       ; clk             ;
; HEX2[*]   ; clk        ; 11.636 ; 11.626 ; Rise       ; clk             ;
;  HEX2[0]  ; clk        ; 11.636 ; 11.626 ; Rise       ; clk             ;
;  HEX2[1]  ; clk        ; 10.637 ; 10.782 ; Rise       ; clk             ;
;  HEX2[2]  ; clk        ; 9.585  ; 9.543  ; Rise       ; clk             ;
;  HEX2[3]  ; clk        ; 11.146 ; 11.029 ; Rise       ; clk             ;
;  HEX2[4]  ; clk        ; 11.388 ; 11.276 ; Rise       ; clk             ;
;  HEX2[5]  ; clk        ; 11.378 ; 11.116 ; Rise       ; clk             ;
;  HEX2[6]  ; clk        ; 10.048 ; 10.030 ; Rise       ; clk             ;
; HEX3[*]   ; clk        ; 13.295 ; 13.466 ; Rise       ; clk             ;
;  HEX3[0]  ; clk        ; 11.083 ; 10.994 ; Rise       ; clk             ;
;  HEX3[1]  ; clk        ; 10.573 ; 10.597 ; Rise       ; clk             ;
;  HEX3[2]  ; clk        ; 13.295 ; 13.466 ; Rise       ; clk             ;
;  HEX3[3]  ; clk        ; 12.306 ; 12.203 ; Rise       ; clk             ;
;  HEX3[4]  ; clk        ; 13.080 ; 13.004 ; Rise       ; clk             ;
;  HEX3[5]  ; clk        ; 12.765 ; 12.701 ; Rise       ; clk             ;
;  HEX3[6]  ; clk        ; 13.292 ; 13.284 ; Rise       ; clk             ;
; HEX4[*]   ; clk        ; 12.539 ; 12.558 ; Rise       ; clk             ;
;  HEX4[0]  ; clk        ; 11.945 ; 12.033 ; Rise       ; clk             ;
;  HEX4[1]  ; clk        ; 10.667 ; 10.804 ; Rise       ; clk             ;
;  HEX4[2]  ; clk        ; 12.539 ; 12.415 ; Rise       ; clk             ;
;  HEX4[3]  ; clk        ; 12.302 ; 12.122 ; Rise       ; clk             ;
;  HEX4[4]  ; clk        ; 10.491 ; 10.520 ; Rise       ; clk             ;
;  HEX4[5]  ; clk        ; 10.753 ; 10.741 ; Rise       ; clk             ;
;  HEX4[6]  ; clk        ; 12.450 ; 12.558 ; Rise       ; clk             ;
; HEX5[*]   ; clk        ; 13.210 ; 13.347 ; Rise       ; clk             ;
;  HEX5[0]  ; clk        ; 11.952 ; 11.864 ; Rise       ; clk             ;
;  HEX5[1]  ; clk        ; 13.210 ; 13.347 ; Rise       ; clk             ;
;  HEX5[2]  ; clk        ; 12.309 ; 12.304 ; Rise       ; clk             ;
;  HEX5[3]  ; clk        ; 11.523 ; 11.396 ; Rise       ; clk             ;
;  HEX5[4]  ; clk        ; 11.382 ; 11.379 ; Rise       ; clk             ;
;  HEX5[5]  ; clk        ; 11.575 ; 11.449 ; Rise       ; clk             ;
;  HEX5[6]  ; clk        ; 11.625 ; 11.765 ; Rise       ; clk             ;
+-----------+------------+--------+--------+------------+-----------------+


+-----------------------------------------------------------------------+
; Minimum Clock to Output Times                                         ;
+-----------+------------+-------+-------+------------+-----------------+
; Data Port ; Clock Port ; Rise  ; Fall  ; Clock Edge ; Clock Reference ;
+-----------+------------+-------+-------+------------+-----------------+
; HEX0[*]   ; clk        ; 4.321 ; 4.502 ; Rise       ; clk             ;
;  HEX0[0]  ; clk        ; 5.492 ; 5.752 ; Rise       ; clk             ;
;  HEX0[1]  ; clk        ; 5.897 ; 6.140 ; Rise       ; clk             ;
;  HEX0[2]  ; clk        ; 5.099 ; 5.290 ; Rise       ; clk             ;
;  HEX0[3]  ; clk        ; 4.513 ; 4.636 ; Rise       ; clk             ;
;  HEX0[4]  ; clk        ; 4.321 ; 4.502 ; Rise       ; clk             ;
;  HEX0[5]  ; clk        ; 5.476 ; 5.742 ; Rise       ; clk             ;
;  HEX0[6]  ; clk        ; 5.368 ; 5.145 ; Rise       ; clk             ;
; HEX1[*]   ; clk        ; 4.306 ; 4.343 ; Rise       ; clk             ;
;  HEX1[0]  ; clk        ; 4.713 ; 4.788 ; Rise       ; clk             ;
;  HEX1[1]  ; clk        ; 4.306 ; 4.343 ; Rise       ; clk             ;
;  HEX1[2]  ; clk        ; 4.648 ; 4.659 ; Rise       ; clk             ;
;  HEX1[3]  ; clk        ; 4.316 ; 4.353 ; Rise       ; clk             ;
;  HEX1[4]  ; clk        ; 4.827 ; 5.060 ; Rise       ; clk             ;
;  HEX1[5]  ; clk        ; 5.484 ; 5.656 ; Rise       ; clk             ;
;  HEX1[6]  ; clk        ; 5.430 ; 5.397 ; Rise       ; clk             ;
; HEX2[*]   ; clk        ; 4.626 ; 4.745 ; Rise       ; clk             ;
;  HEX2[0]  ; clk        ; 5.604 ; 5.870 ; Rise       ; clk             ;
;  HEX2[1]  ; clk        ; 5.174 ; 5.403 ; Rise       ; clk             ;
;  HEX2[2]  ; clk        ; 4.626 ; 4.745 ; Rise       ; clk             ;
;  HEX2[3]  ; clk        ; 5.303 ; 5.507 ; Rise       ; clk             ;
;  HEX2[4]  ; clk        ; 5.424 ; 5.699 ; Rise       ; clk             ;
;  HEX2[5]  ; clk        ; 5.388 ; 5.593 ; Rise       ; clk             ;
;  HEX2[6]  ; clk        ; 4.992 ; 4.829 ; Rise       ; clk             ;
; HEX3[*]   ; clk        ; 4.640 ; 4.680 ; Rise       ; clk             ;
;  HEX3[0]  ; clk        ; 4.868 ; 4.941 ; Rise       ; clk             ;
;  HEX3[1]  ; clk        ; 4.640 ; 4.680 ; Rise       ; clk             ;
;  HEX3[2]  ; clk        ; 6.238 ; 6.458 ; Rise       ; clk             ;
;  HEX3[3]  ; clk        ; 5.415 ; 5.556 ; Rise       ; clk             ;
;  HEX3[4]  ; clk        ; 5.851 ; 6.031 ; Rise       ; clk             ;
;  HEX3[5]  ; clk        ; 5.662 ; 6.037 ; Rise       ; clk             ;
;  HEX3[6]  ; clk        ; 6.142 ; 5.914 ; Rise       ; clk             ;
; HEX4[*]   ; clk        ; 4.901 ; 5.148 ; Rise       ; clk             ;
;  HEX4[0]  ; clk        ; 5.608 ; 5.929 ; Rise       ; clk             ;
;  HEX4[1]  ; clk        ; 5.013 ; 5.229 ; Rise       ; clk             ;
;  HEX4[2]  ; clk        ; 5.930 ; 6.160 ; Rise       ; clk             ;
;  HEX4[3]  ; clk        ; 5.747 ; 5.989 ; Rise       ; clk             ;
;  HEX4[4]  ; clk        ; 4.901 ; 5.148 ; Rise       ; clk             ;
;  HEX4[5]  ; clk        ; 5.004 ; 5.257 ; Rise       ; clk             ;
;  HEX4[6]  ; clk        ; 6.137 ; 5.911 ; Rise       ; clk             ;
; HEX5[*]   ; clk        ; 5.231 ; 5.270 ; Rise       ; clk             ;
;  HEX5[0]  ; clk        ; 5.446 ; 5.508 ; Rise       ; clk             ;
;  HEX5[1]  ; clk        ; 6.381 ; 6.622 ; Rise       ; clk             ;
;  HEX5[2]  ; clk        ; 5.655 ; 5.745 ; Rise       ; clk             ;
;  HEX5[3]  ; clk        ; 5.243 ; 5.270 ; Rise       ; clk             ;
;  HEX5[4]  ; clk        ; 5.231 ; 5.495 ; Rise       ; clk             ;
;  HEX5[5]  ; clk        ; 5.260 ; 5.289 ; Rise       ; clk             ;
;  HEX5[6]  ; clk        ; 5.390 ; 5.354 ; Rise       ; clk             ;
+-----------+------------+-------+-------+------------+-----------------+


+------------------------------------------------------------------------------------------------------------------------------------------------------------------------------------------------------------------------------------------------------------------------------------------------------------------------------------------------------------------------------------------------------------------+
; Board Trace Model Assignments                                                                                                                                                                                                                                                                                                                                                                                    ;
+---------------+--------------+-------------------+-------------------------+-------------------------+---------------+---------------------+----------------+------------------+--------+------------------+------------------------+------------------------+--------------+---------------+-----------------+-------+---------------------+--------------------+---------------+-----------------+-------------+
; Pin           ; I/O Standard ; Near Tline Length ; Near Tline L per Length ; Near Tline C per Length ; Near Series R ; Near Differential R ; Near Pull-up R ; Near Pull-down R ; Near C ; Far Tline Length ; Far Tline L per Length ; Far Tline C per Length ; Far Series R ; Far Pull-up R ; Far Pull-down R ; Far C ; Termination Voltage ; Far Differential R ; EBD File Name ; EBD Signal Name ; EBD Far-end ;
+---------------+--------------+-------------------+-------------------------+-------------------------+---------------+---------------------+----------------+------------------+--------+------------------+------------------------+------------------------+--------------+---------------+-----------------+-------+---------------------+--------------------+---------------+-----------------+-------------+
; HEX0[0]       ; 2.5 V        ; 0 in              ; 0 H/in                  ; 0 F/in                  ; short         ; -                   ; open           ; open             ; open   ; 0 in             ; 0 H/in                 ; 0 F/in                 ; short        ; open          ; open            ; open  ; 0 V                 ; -                  ; n/a           ; n/a             ; n/a         ;
; HEX0[1]       ; 2.5 V        ; 0 in              ; 0 H/in                  ; 0 F/in                  ; short         ; -                   ; open           ; open             ; open   ; 0 in             ; 0 H/in                 ; 0 F/in                 ; short        ; open          ; open            ; open  ; 0 V                 ; -                  ; n/a           ; n/a             ; n/a         ;
; HEX0[2]       ; 2.5 V        ; 0 in              ; 0 H/in                  ; 0 F/in                  ; short         ; -                   ; open           ; open             ; open   ; 0 in             ; 0 H/in                 ; 0 F/in                 ; short        ; open          ; open            ; open  ; 0 V                 ; -                  ; n/a           ; n/a             ; n/a         ;
; HEX0[3]       ; 2.5 V        ; 0 in              ; 0 H/in                  ; 0 F/in                  ; short         ; -                   ; open           ; open             ; open   ; 0 in             ; 0 H/in                 ; 0 F/in                 ; short        ; open          ; open            ; open  ; 0 V                 ; -                  ; n/a           ; n/a             ; n/a         ;
; HEX0[4]       ; 2.5 V        ; 0 in              ; 0 H/in                  ; 0 F/in                  ; short         ; -                   ; open           ; open             ; open   ; 0 in             ; 0 H/in                 ; 0 F/in                 ; short        ; open          ; open            ; open  ; 0 V                 ; -                  ; n/a           ; n/a             ; n/a         ;
; HEX0[5]       ; 2.5 V        ; 0 in              ; 0 H/in                  ; 0 F/in                  ; short         ; -                   ; open           ; open             ; open   ; 0 in             ; 0 H/in                 ; 0 F/in                 ; short        ; open          ; open            ; open  ; 0 V                 ; -                  ; n/a           ; n/a             ; n/a         ;
; HEX0[6]       ; 2.5 V        ; 0 in              ; 0 H/in                  ; 0 F/in                  ; short         ; -                   ; open           ; open             ; open   ; 0 in             ; 0 H/in                 ; 0 F/in                 ; short        ; open          ; open            ; open  ; 0 V                 ; -                  ; n/a           ; n/a             ; n/a         ;
; HEX1[0]       ; 2.5 V        ; 0 in              ; 0 H/in                  ; 0 F/in                  ; short         ; -                   ; open           ; open             ; open   ; 0 in             ; 0 H/in                 ; 0 F/in                 ; short        ; open          ; open            ; open  ; 0 V                 ; -                  ; n/a           ; n/a             ; n/a         ;
; HEX1[1]       ; 2.5 V        ; 0 in              ; 0 H/in                  ; 0 F/in                  ; short         ; -                   ; open           ; open             ; open   ; 0 in             ; 0 H/in                 ; 0 F/in                 ; short        ; open          ; open            ; open  ; 0 V                 ; -                  ; n/a           ; n/a             ; n/a         ;
; HEX1[2]       ; 2.5 V        ; 0 in              ; 0 H/in                  ; 0 F/in                  ; short         ; -                   ; open           ; open             ; open   ; 0 in             ; 0 H/in                 ; 0 F/in                 ; short        ; open          ; open            ; open  ; 0 V                 ; -                  ; n/a           ; n/a             ; n/a         ;
; HEX1[3]       ; 2.5 V        ; 0 in              ; 0 H/in                  ; 0 F/in                  ; short         ; -                   ; open           ; open             ; open   ; 0 in             ; 0 H/in                 ; 0 F/in                 ; short        ; open          ; open            ; open  ; 0 V                 ; -                  ; n/a           ; n/a             ; n/a         ;
; HEX1[4]       ; 2.5 V        ; 0 in              ; 0 H/in                  ; 0 F/in                  ; short         ; -                   ; open           ; open             ; open   ; 0 in             ; 0 H/in                 ; 0 F/in                 ; short        ; open          ; open            ; open  ; 0 V                 ; -                  ; n/a           ; n/a             ; n/a         ;
; HEX1[5]       ; 2.5 V        ; 0 in              ; 0 H/in                  ; 0 F/in                  ; short         ; -                   ; open           ; open             ; open   ; 0 in             ; 0 H/in                 ; 0 F/in                 ; short        ; open          ; open            ; open  ; 0 V                 ; -                  ; n/a           ; n/a             ; n/a         ;
; HEX1[6]       ; 2.5 V        ; 0 in              ; 0 H/in                  ; 0 F/in                  ; short         ; -                   ; open           ; open             ; open   ; 0 in             ; 0 H/in                 ; 0 F/in                 ; short        ; open          ; open            ; open  ; 0 V                 ; -                  ; n/a           ; n/a             ; n/a         ;
; HEX2[0]       ; 2.5 V        ; 0 in              ; 0 H/in                  ; 0 F/in                  ; short         ; -                   ; open           ; open             ; open   ; 0 in             ; 0 H/in                 ; 0 F/in                 ; short        ; open          ; open            ; open  ; 0 V                 ; -                  ; n/a           ; n/a             ; n/a         ;
; HEX2[1]       ; 2.5 V        ; 0 in              ; 0 H/in                  ; 0 F/in                  ; short         ; -                   ; open           ; open             ; open   ; 0 in             ; 0 H/in                 ; 0 F/in                 ; short        ; open          ; open            ; open  ; 0 V                 ; -                  ; n/a           ; n/a             ; n/a         ;
; HEX2[2]       ; 2.5 V        ; 0 in              ; 0 H/in                  ; 0 F/in                  ; short         ; -                   ; open           ; open             ; open   ; 0 in             ; 0 H/in                 ; 0 F/in                 ; short        ; open          ; open            ; open  ; 0 V                 ; -                  ; n/a           ; n/a             ; n/a         ;
; HEX2[3]       ; 2.5 V        ; 0 in              ; 0 H/in                  ; 0 F/in                  ; short         ; -                   ; open           ; open             ; open   ; 0 in             ; 0 H/in                 ; 0 F/in                 ; short        ; open          ; open            ; open  ; 0 V                 ; -                  ; n/a           ; n/a             ; n/a         ;
; HEX2[4]       ; 2.5 V        ; 0 in              ; 0 H/in                  ; 0 F/in                  ; short         ; -                   ; open           ; open             ; open   ; 0 in             ; 0 H/in                 ; 0 F/in                 ; short        ; open          ; open            ; open  ; 0 V                 ; -                  ; n/a           ; n/a             ; n/a         ;
; HEX2[5]       ; 2.5 V        ; 0 in              ; 0 H/in                  ; 0 F/in                  ; short         ; -                   ; open           ; open             ; open   ; 0 in             ; 0 H/in                 ; 0 F/in                 ; short        ; open          ; open            ; open  ; 0 V                 ; -                  ; n/a           ; n/a             ; n/a         ;
; HEX2[6]       ; 2.5 V        ; 0 in              ; 0 H/in                  ; 0 F/in                  ; short         ; -                   ; open           ; open             ; open   ; 0 in             ; 0 H/in                 ; 0 F/in                 ; short        ; open          ; open            ; open  ; 0 V                 ; -                  ; n/a           ; n/a             ; n/a         ;
; HEX3[0]       ; 2.5 V        ; 0 in              ; 0 H/in                  ; 0 F/in                  ; short         ; -                   ; open           ; open             ; open   ; 0 in             ; 0 H/in                 ; 0 F/in                 ; short        ; open          ; open            ; open  ; 0 V                 ; -                  ; n/a           ; n/a             ; n/a         ;
; HEX3[1]       ; 2.5 V        ; 0 in              ; 0 H/in                  ; 0 F/in                  ; short         ; -                   ; open           ; open             ; open   ; 0 in             ; 0 H/in                 ; 0 F/in                 ; short        ; open          ; open            ; open  ; 0 V                 ; -                  ; n/a           ; n/a             ; n/a         ;
; HEX3[2]       ; 2.5 V        ; 0 in              ; 0 H/in                  ; 0 F/in                  ; short         ; -                   ; open           ; open             ; open   ; 0 in             ; 0 H/in                 ; 0 F/in                 ; short        ; open          ; open            ; open  ; 0 V                 ; -                  ; n/a           ; n/a             ; n/a         ;
; HEX3[3]       ; 2.5 V        ; 0 in              ; 0 H/in                  ; 0 F/in                  ; short         ; -                   ; open           ; open             ; open   ; 0 in             ; 0 H/in                 ; 0 F/in                 ; short        ; open          ; open            ; open  ; 0 V                 ; -                  ; n/a           ; n/a             ; n/a         ;
; HEX3[4]       ; 2.5 V        ; 0 in              ; 0 H/in                  ; 0 F/in                  ; short         ; -                   ; open           ; open             ; open   ; 0 in             ; 0 H/in                 ; 0 F/in                 ; short        ; open          ; open            ; open  ; 0 V                 ; -                  ; n/a           ; n/a             ; n/a         ;
; HEX3[5]       ; 2.5 V        ; 0 in              ; 0 H/in                  ; 0 F/in                  ; short         ; -                   ; open           ; open             ; open   ; 0 in             ; 0 H/in                 ; 0 F/in                 ; short        ; open          ; open            ; open  ; 0 V                 ; -                  ; n/a           ; n/a             ; n/a         ;
; HEX3[6]       ; 2.5 V        ; 0 in              ; 0 H/in                  ; 0 F/in                  ; short         ; -                   ; open           ; open             ; open   ; 0 in             ; 0 H/in                 ; 0 F/in                 ; short        ; open          ; open            ; open  ; 0 V                 ; -                  ; n/a           ; n/a             ; n/a         ;
; HEX4[0]       ; 2.5 V        ; 0 in              ; 0 H/in                  ; 0 F/in                  ; short         ; -                   ; open           ; open             ; open   ; 0 in             ; 0 H/in                 ; 0 F/in                 ; short        ; open          ; open            ; open  ; 0 V                 ; -                  ; n/a           ; n/a             ; n/a         ;
; HEX4[1]       ; 2.5 V        ; 0 in              ; 0 H/in                  ; 0 F/in                  ; short         ; -                   ; open           ; open             ; open   ; 0 in             ; 0 H/in                 ; 0 F/in                 ; short        ; open          ; open            ; open  ; 0 V                 ; -                  ; n/a           ; n/a             ; n/a         ;
; HEX4[2]       ; 2.5 V        ; 0 in              ; 0 H/in                  ; 0 F/in                  ; short         ; -                   ; open           ; open             ; open   ; 0 in             ; 0 H/in                 ; 0 F/in                 ; short        ; open          ; open            ; open  ; 0 V                 ; -                  ; n/a           ; n/a             ; n/a         ;
; HEX4[3]       ; 2.5 V        ; 0 in              ; 0 H/in                  ; 0 F/in                  ; short         ; -                   ; open           ; open             ; open   ; 0 in             ; 0 H/in                 ; 0 F/in                 ; short        ; open          ; open            ; open  ; 0 V                 ; -                  ; n/a           ; n/a             ; n/a         ;
; HEX4[4]       ; 2.5 V        ; 0 in              ; 0 H/in                  ; 0 F/in                  ; short         ; -                   ; open           ; open             ; open   ; 0 in             ; 0 H/in                 ; 0 F/in                 ; short        ; open          ; open            ; open  ; 0 V                 ; -                  ; n/a           ; n/a             ; n/a         ;
; HEX4[5]       ; 2.5 V        ; 0 in              ; 0 H/in                  ; 0 F/in                  ; short         ; -                   ; open           ; open             ; open   ; 0 in             ; 0 H/in                 ; 0 F/in                 ; short        ; open          ; open            ; open  ; 0 V                 ; -                  ; n/a           ; n/a             ; n/a         ;
; HEX4[6]       ; 2.5 V        ; 0 in              ; 0 H/in                  ; 0 F/in                  ; short         ; -                   ; open           ; open             ; open   ; 0 in             ; 0 H/in                 ; 0 F/in                 ; short        ; open          ; open            ; open  ; 0 V                 ; -                  ; n/a           ; n/a             ; n/a         ;
; HEX5[0]       ; 2.5 V        ; 0 in              ; 0 H/in                  ; 0 F/in                  ; short         ; -                   ; open           ; open             ; open   ; 0 in             ; 0 H/in                 ; 0 F/in                 ; short        ; open          ; open            ; open  ; 0 V                 ; -                  ; n/a           ; n/a             ; n/a         ;
; HEX5[1]       ; 2.5 V        ; 0 in              ; 0 H/in                  ; 0 F/in                  ; short         ; -                   ; open           ; open             ; open   ; 0 in             ; 0 H/in                 ; 0 F/in                 ; short        ; open          ; open            ; open  ; 0 V                 ; -                  ; n/a           ; n/a             ; n/a         ;
; HEX5[2]       ; 2.5 V        ; 0 in              ; 0 H/in                  ; 0 F/in                  ; short         ; -                   ; open           ; open             ; open   ; 0 in             ; 0 H/in                 ; 0 F/in                 ; short        ; open          ; open            ; open  ; 0 V                 ; -                  ; n/a           ; n/a             ; n/a         ;
; HEX5[3]       ; 2.5 V        ; 0 in              ; 0 H/in                  ; 0 F/in                  ; short         ; -                   ; open           ; open             ; open   ; 0 in             ; 0 H/in                 ; 0 F/in                 ; short        ; open          ; open            ; open  ; 0 V                 ; -                  ; n/a           ; n/a             ; n/a         ;
; HEX5[4]       ; 2.5 V        ; 0 in              ; 0 H/in                  ; 0 F/in                  ; short         ; -                   ; open           ; open             ; open   ; 0 in             ; 0 H/in                 ; 0 F/in                 ; short        ; open          ; open            ; open  ; 0 V                 ; -                  ; n/a           ; n/a             ; n/a         ;
; HEX5[5]       ; 2.5 V        ; 0 in              ; 0 H/in                  ; 0 F/in                  ; short         ; -                   ; open           ; open             ; open   ; 0 in             ; 0 H/in                 ; 0 F/in                 ; short        ; open          ; open            ; open  ; 0 V                 ; -                  ; n/a           ; n/a             ; n/a         ;
; HEX5[6]       ; 2.5 V        ; 0 in              ; 0 H/in                  ; 0 F/in                  ; short         ; -                   ; open           ; open             ; open   ; 0 in             ; 0 H/in                 ; 0 F/in                 ; short        ; open          ; open            ; open  ; 0 V                 ; -                  ; n/a           ; n/a             ; n/a         ;
; ~ALTERA_DCLK~ ; 2.5 V        ; 0 in              ; 0 H/in                  ; 0 F/in                  ; short         ; -                   ; open           ; open             ; open   ; 0 in             ; 0 H/in                 ; 0 F/in                 ; short        ; open          ; open            ; open  ; 0 V                 ; -                  ; n/a           ; n/a             ; n/a         ;
; ~ALTERA_nCEO~ ; 2.5 V        ; 0 in              ; 0 H/in                  ; 0 F/in                  ; short         ; -                   ; open           ; open             ; open   ; 0 in             ; 0 H/in                 ; 0 F/in                 ; short        ; open          ; open            ; open  ; 0 V                 ; -                  ; n/a           ; n/a             ; n/a         ;
+---------------+--------------+-------------------+-------------------------+-------------------------+---------------+---------------------+----------------+------------------+--------+------------------+------------------------+------------------------+--------------+---------------+-----------------+-------+---------------------+--------------------+---------------+-----------------+-------------+


+----------------------------------------------------------------------------+
; Input Transition Times                                                     ;
+-------------------------+--------------+-----------------+-----------------+
; Pin                     ; I/O Standard ; 10-90 Rise Time ; 90-10 Fall Time ;
+-------------------------+--------------+-----------------+-----------------+
; clk                     ; 2.5 V        ; 2000 ps         ; 2000 ps         ;
; rst_n                   ; 2.5 V        ; 2000 ps         ; 2000 ps         ;
; SW_x1[0]                ; 2.5 V        ; 2000 ps         ; 2000 ps         ;
; SW_x0[0]                ; 2.5 V        ; 2000 ps         ; 2000 ps         ;
; SW_x1[7]                ; 2.5 V        ; 2000 ps         ; 2000 ps         ;
; SW_x0[7]                ; 2.5 V        ; 2000 ps         ; 2000 ps         ;
; SW_x1[6]                ; 2.5 V        ; 2000 ps         ; 2000 ps         ;
; SW_x0[6]                ; 2.5 V        ; 2000 ps         ; 2000 ps         ;
; SW_x1[5]                ; 2.5 V        ; 2000 ps         ; 2000 ps         ;
; SW_x0[5]                ; 2.5 V        ; 2000 ps         ; 2000 ps         ;
; SW_x1[4]                ; 2.5 V        ; 2000 ps         ; 2000 ps         ;
; SW_x0[4]                ; 2.5 V        ; 2000 ps         ; 2000 ps         ;
; SW_x1[3]                ; 2.5 V        ; 2000 ps         ; 2000 ps         ;
; SW_x0[3]                ; 2.5 V        ; 2000 ps         ; 2000 ps         ;
; SW_x1[2]                ; 2.5 V        ; 2000 ps         ; 2000 ps         ;
; SW_x0[2]                ; 2.5 V        ; 2000 ps         ; 2000 ps         ;
; SW_x1[1]                ; 2.5 V        ; 2000 ps         ; 2000 ps         ;
; SW_x0[1]                ; 2.5 V        ; 2000 ps         ; 2000 ps         ;
; ~ALTERA_ASDO_DATA1~     ; 2.5 V        ; 2000 ps         ; 2000 ps         ;
; ~ALTERA_FLASH_nCE_nCSO~ ; 2.5 V        ; 2000 ps         ; 2000 ps         ;
; ~ALTERA_DATA0~          ; 2.5 V        ; 2000 ps         ; 2000 ps         ;
+-------------------------+--------------+-----------------+-----------------+


+--------------------------------------------------------------------------------------------------------------------------------------------------------------------------------------------------------------------------------------------------------------------------------------------------------------------------------------------------------------------------------------------------------------------------------------------------------------------------------------------------------------------------------------------------------------------------------------------------------------------------------------------------------------------------------------------+
; Signal Integrity Metrics (Slow 1200mv 0c Model)                                                                                                                                                                                                                                                                                                                                                                                                                                                                                                                                                                                                                                            ;
+---------------+--------------+---------------------+---------------------+------------------------------+------------------------------+---------------------+---------------------+--------------------------------------+--------------------------------------+-----------------------------+-----------------------------+----------------------------+----------------------------+-----------------------------+-----------------------------+--------------------+--------------------+-------------------------------------+-------------------------------------+----------------------------+----------------------------+---------------------------+---------------------------+
; Pin           ; I/O Standard ; Board Delay on Rise ; Board Delay on Fall ; Steady State Voh at FPGA Pin ; Steady State Vol at FPGA Pin ; Voh Max at FPGA Pin ; Vol Min at FPGA Pin ; Ringback Voltage on Rise at FPGA Pin ; Ringback Voltage on Fall at FPGA Pin ; 10-90 Rise Time at FPGA Pin ; 90-10 Fall Time at FPGA Pin ; Monotonic Rise at FPGA Pin ; Monotonic Fall at FPGA Pin ; Steady State Voh at Far-end ; Steady State Vol at Far-end ; Voh Max at Far-end ; Vol Min at Far-end ; Ringback Voltage on Rise at Far-end ; Ringback Voltage on Fall at Far-end ; 10-90 Rise Time at Far-end ; 90-10 Fall Time at Far-end ; Monotonic Rise at Far-end ; Monotonic Fall at Far-end ;
+---------------+--------------+---------------------+---------------------+------------------------------+------------------------------+---------------------+---------------------+--------------------------------------+--------------------------------------+-----------------------------+-----------------------------+----------------------------+----------------------------+-----------------------------+-----------------------------+--------------------+--------------------+-------------------------------------+-------------------------------------+----------------------------+----------------------------+---------------------------+---------------------------+
; HEX0[0]       ; 2.5 V        ; 0 s                 ; 0 s                 ; 2.32 V                       ; 4.49e-09 V                   ; 2.38 V              ; -0.00552 V          ; 0.096 V                              ; 0.019 V                              ; 4.18e-10 s                  ; 3.59e-10 s                  ; No                         ; Yes                        ; 2.32 V                      ; 4.49e-09 V                  ; 2.38 V             ; -0.00552 V         ; 0.096 V                             ; 0.019 V                             ; 4.18e-10 s                 ; 3.59e-10 s                 ; No                        ; Yes                       ;
; HEX0[1]       ; 2.5 V        ; 0 s                 ; 0 s                 ; 2.32 V                       ; 4.49e-09 V                   ; 2.33 V              ; -0.00467 V          ; 0.226 V                              ; 0.087 V                              ; 2.91e-09 s                  ; 2.74e-09 s                  ; Yes                        ; Yes                        ; 2.32 V                      ; 4.49e-09 V                  ; 2.33 V             ; -0.00467 V         ; 0.226 V                             ; 0.087 V                             ; 2.91e-09 s                 ; 2.74e-09 s                 ; Yes                       ; Yes                       ;
; HEX0[2]       ; 2.5 V        ; 0 s                 ; 0 s                 ; 2.32 V                       ; 4.49e-09 V                   ; 2.38 V              ; -0.00552 V          ; 0.096 V                              ; 0.019 V                              ; 4.18e-10 s                  ; 3.59e-10 s                  ; No                         ; Yes                        ; 2.32 V                      ; 4.49e-09 V                  ; 2.38 V             ; -0.00552 V         ; 0.096 V                             ; 0.019 V                             ; 4.18e-10 s                 ; 3.59e-10 s                 ; No                        ; Yes                       ;
; HEX0[3]       ; 2.5 V        ; 0 s                 ; 0 s                 ; 2.32 V                       ; 3.07e-09 V                   ; 2.38 V              ; -0.0144 V           ; 0.227 V                              ; 0.024 V                              ; 3.14e-10 s                  ; 3.39e-10 s                  ; Yes                        ; Yes                        ; 2.32 V                      ; 3.07e-09 V                  ; 2.38 V             ; -0.0144 V          ; 0.227 V                             ; 0.024 V                             ; 3.14e-10 s                 ; 3.39e-10 s                 ; Yes                       ; Yes                       ;
; HEX0[4]       ; 2.5 V        ; 0 s                 ; 0 s                 ; 2.32 V                       ; 3.07e-09 V                   ; 2.38 V              ; -0.0144 V           ; 0.227 V                              ; 0.024 V                              ; 3.14e-10 s                  ; 3.39e-10 s                  ; Yes                        ; Yes                        ; 2.32 V                      ; 3.07e-09 V                  ; 2.38 V             ; -0.0144 V          ; 0.227 V                             ; 0.024 V                             ; 3.14e-10 s                 ; 3.39e-10 s                 ; Yes                       ; Yes                       ;
; HEX0[5]       ; 2.5 V        ; 0 s                 ; 0 s                 ; 2.32 V                       ; 3.07e-09 V                   ; 2.33 V              ; -0.00496 V          ; 0.223 V                              ; 0.086 V                              ; 2.9e-09 s                   ; 2.73e-09 s                  ; Yes                        ; Yes                        ; 2.32 V                      ; 3.07e-09 V                  ; 2.33 V             ; -0.00496 V         ; 0.223 V                             ; 0.086 V                             ; 2.9e-09 s                  ; 2.73e-09 s                 ; Yes                       ; Yes                       ;
; HEX0[6]       ; 2.5 V        ; 0 s                 ; 0 s                 ; 2.32 V                       ; 3.07e-09 V                   ; 2.38 V              ; -0.0144 V           ; 0.227 V                              ; 0.024 V                              ; 3.14e-10 s                  ; 3.39e-10 s                  ; Yes                        ; Yes                        ; 2.32 V                      ; 3.07e-09 V                  ; 2.38 V             ; -0.0144 V          ; 0.227 V                             ; 0.024 V                             ; 3.14e-10 s                 ; 3.39e-10 s                 ; Yes                       ; Yes                       ;
; HEX1[0]       ; 2.5 V        ; 0 s                 ; 0 s                 ; 2.32 V                       ; 3.07e-09 V                   ; 2.38 V              ; -0.0144 V           ; 0.227 V                              ; 0.024 V                              ; 3.14e-10 s                  ; 3.39e-10 s                  ; Yes                        ; Yes                        ; 2.32 V                      ; 3.07e-09 V                  ; 2.38 V             ; -0.0144 V          ; 0.227 V                             ; 0.024 V                             ; 3.14e-10 s                 ; 3.39e-10 s                 ; Yes                       ; Yes                       ;
; HEX1[1]       ; 2.5 V        ; 0 s                 ; 0 s                 ; 2.32 V                       ; 3.07e-09 V                   ; 2.37 V              ; -0.00994 V          ; 0.186 V                              ; 0.028 V                              ; 4.98e-10 s                  ; 4.96e-10 s                  ; Yes                        ; Yes                        ; 2.32 V                      ; 3.07e-09 V                  ; 2.37 V             ; -0.00994 V         ; 0.186 V                             ; 0.028 V                             ; 4.98e-10 s                 ; 4.96e-10 s                 ; Yes                       ; Yes                       ;
; HEX1[2]       ; 2.5 V        ; 0 s                 ; 0 s                 ; 2.32 V                       ; 3.07e-09 V                   ; 2.37 V              ; -0.00994 V          ; 0.186 V                              ; 0.028 V                              ; 4.98e-10 s                  ; 4.96e-10 s                  ; Yes                        ; Yes                        ; 2.32 V                      ; 3.07e-09 V                  ; 2.37 V             ; -0.00994 V         ; 0.186 V                             ; 0.028 V                             ; 4.98e-10 s                 ; 4.96e-10 s                 ; Yes                       ; Yes                       ;
; HEX1[3]       ; 2.5 V        ; 0 s                 ; 0 s                 ; 2.32 V                       ; 3.07e-09 V                   ; 2.37 V              ; -0.00994 V          ; 0.186 V                              ; 0.028 V                              ; 4.98e-10 s                  ; 4.96e-10 s                  ; Yes                        ; Yes                        ; 2.32 V                      ; 3.07e-09 V                  ; 2.37 V             ; -0.00994 V         ; 0.186 V                             ; 0.028 V                             ; 4.98e-10 s                 ; 4.96e-10 s                 ; Yes                       ; Yes                       ;
; HEX1[4]       ; 2.5 V        ; 0 s                 ; 0 s                 ; 2.32 V                       ; 3.07e-09 V                   ; 2.37 V              ; -0.00994 V          ; 0.186 V                              ; 0.028 V                              ; 4.98e-10 s                  ; 4.96e-10 s                  ; Yes                        ; Yes                        ; 2.32 V                      ; 3.07e-09 V                  ; 2.37 V             ; -0.00994 V         ; 0.186 V                             ; 0.028 V                             ; 4.98e-10 s                 ; 4.96e-10 s                 ; Yes                       ; Yes                       ;
; HEX1[5]       ; 2.5 V        ; 0 s                 ; 0 s                 ; 2.32 V                       ; 3.07e-09 V                   ; 2.33 V              ; -0.00496 V          ; 0.223 V                              ; 0.086 V                              ; 2.9e-09 s                   ; 2.73e-09 s                  ; Yes                        ; Yes                        ; 2.32 V                      ; 3.07e-09 V                  ; 2.33 V             ; -0.00496 V         ; 0.223 V                             ; 0.086 V                             ; 2.9e-09 s                  ; 2.73e-09 s                 ; Yes                       ; Yes                       ;
; HEX1[6]       ; 2.5 V        ; 0 s                 ; 0 s                 ; 2.32 V                       ; 3.07e-09 V                   ; 2.33 V              ; -0.00496 V          ; 0.223 V                              ; 0.086 V                              ; 2.9e-09 s                   ; 2.73e-09 s                  ; Yes                        ; Yes                        ; 2.32 V                      ; 3.07e-09 V                  ; 2.33 V             ; -0.00496 V         ; 0.223 V                             ; 0.086 V                             ; 2.9e-09 s                  ; 2.73e-09 s                 ; Yes                       ; Yes                       ;
; HEX2[0]       ; 2.5 V        ; 0 s                 ; 0 s                 ; 2.32 V                       ; 3.07e-09 V                   ; 2.37 V              ; -0.00994 V          ; 0.186 V                              ; 0.028 V                              ; 4.98e-10 s                  ; 4.96e-10 s                  ; Yes                        ; Yes                        ; 2.32 V                      ; 3.07e-09 V                  ; 2.37 V             ; -0.00994 V         ; 0.186 V                             ; 0.028 V                             ; 4.98e-10 s                 ; 4.96e-10 s                 ; Yes                       ; Yes                       ;
; HEX2[1]       ; 2.5 V        ; 0 s                 ; 0 s                 ; 2.32 V                       ; 3.07e-09 V                   ; 2.37 V              ; -0.00994 V          ; 0.186 V                              ; 0.028 V                              ; 4.98e-10 s                  ; 4.96e-10 s                  ; Yes                        ; Yes                        ; 2.32 V                      ; 3.07e-09 V                  ; 2.37 V             ; -0.00994 V         ; 0.186 V                             ; 0.028 V                             ; 4.98e-10 s                 ; 4.96e-10 s                 ; Yes                       ; Yes                       ;
; HEX2[2]       ; 2.5 V        ; 0 s                 ; 0 s                 ; 2.32 V                       ; 3.07e-09 V                   ; 2.37 V              ; -0.00994 V          ; 0.186 V                              ; 0.028 V                              ; 4.98e-10 s                  ; 4.96e-10 s                  ; Yes                        ; Yes                        ; 2.32 V                      ; 3.07e-09 V                  ; 2.37 V             ; -0.00994 V         ; 0.186 V                             ; 0.028 V                             ; 4.98e-10 s                 ; 4.96e-10 s                 ; Yes                       ; Yes                       ;
; HEX2[3]       ; 2.5 V        ; 0 s                 ; 0 s                 ; 2.32 V                       ; 3.07e-09 V                   ; 2.37 V              ; -0.00994 V          ; 0.186 V                              ; 0.028 V                              ; 4.98e-10 s                  ; 4.96e-10 s                  ; Yes                        ; Yes                        ; 2.32 V                      ; 3.07e-09 V                  ; 2.37 V             ; -0.00994 V         ; 0.186 V                             ; 0.028 V                             ; 4.98e-10 s                 ; 4.96e-10 s                 ; Yes                       ; Yes                       ;
; HEX2[4]       ; 2.5 V        ; 0 s                 ; 0 s                 ; 2.32 V                       ; 3.07e-09 V                   ; 2.37 V              ; -0.00994 V          ; 0.186 V                              ; 0.028 V                              ; 4.98e-10 s                  ; 4.96e-10 s                  ; Yes                        ; Yes                        ; 2.32 V                      ; 3.07e-09 V                  ; 2.37 V             ; -0.00994 V         ; 0.186 V                             ; 0.028 V                             ; 4.98e-10 s                 ; 4.96e-10 s                 ; Yes                       ; Yes                       ;
; HEX2[5]       ; 2.5 V        ; 0 s                 ; 0 s                 ; 2.32 V                       ; 3.07e-09 V                   ; 2.37 V              ; -0.00994 V          ; 0.186 V                              ; 0.028 V                              ; 4.98e-10 s                  ; 4.96e-10 s                  ; Yes                        ; Yes                        ; 2.32 V                      ; 3.07e-09 V                  ; 2.37 V             ; -0.00994 V         ; 0.186 V                             ; 0.028 V                             ; 4.98e-10 s                 ; 4.96e-10 s                 ; Yes                       ; Yes                       ;
; HEX2[6]       ; 2.5 V        ; 0 s                 ; 0 s                 ; 2.32 V                       ; 3.07e-09 V                   ; 2.37 V              ; -0.00994 V          ; 0.186 V                              ; 0.028 V                              ; 4.98e-10 s                  ; 4.96e-10 s                  ; Yes                        ; Yes                        ; 2.32 V                      ; 3.07e-09 V                  ; 2.37 V             ; -0.00994 V         ; 0.186 V                             ; 0.028 V                             ; 4.98e-10 s                 ; 4.96e-10 s                 ; Yes                       ; Yes                       ;
; HEX3[0]       ; 2.5 V        ; 0 s                 ; 0 s                 ; 2.32 V                       ; 3.07e-09 V                   ; 2.37 V              ; -0.00994 V          ; 0.186 V                              ; 0.028 V                              ; 4.98e-10 s                  ; 4.96e-10 s                  ; Yes                        ; Yes                        ; 2.32 V                      ; 3.07e-09 V                  ; 2.37 V             ; -0.00994 V         ; 0.186 V                             ; 0.028 V                             ; 4.98e-10 s                 ; 4.96e-10 s                 ; Yes                       ; Yes                       ;
; HEX3[1]       ; 2.5 V        ; 0 s                 ; 0 s                 ; 2.32 V                       ; 3.07e-09 V                   ; 2.38 V              ; -0.0144 V           ; 0.227 V                              ; 0.024 V                              ; 3.14e-10 s                  ; 3.39e-10 s                  ; Yes                        ; Yes                        ; 2.32 V                      ; 3.07e-09 V                  ; 2.38 V             ; -0.0144 V          ; 0.227 V                             ; 0.024 V                             ; 3.14e-10 s                 ; 3.39e-10 s                 ; Yes                       ; Yes                       ;
; HEX3[2]       ; 2.5 V        ; 0 s                 ; 0 s                 ; 2.32 V                       ; 4.49e-09 V                   ; 2.33 V              ; -0.00467 V          ; 0.226 V                              ; 0.087 V                              ; 2.91e-09 s                  ; 2.74e-09 s                  ; Yes                        ; Yes                        ; 2.32 V                      ; 4.49e-09 V                  ; 2.33 V             ; -0.00467 V         ; 0.226 V                             ; 0.087 V                             ; 2.91e-09 s                 ; 2.74e-09 s                 ; Yes                       ; Yes                       ;
; HEX3[3]       ; 2.5 V        ; 0 s                 ; 0 s                 ; 2.32 V                       ; 4.49e-09 V                   ; 2.38 V              ; -0.00552 V          ; 0.096 V                              ; 0.019 V                              ; 4.18e-10 s                  ; 3.59e-10 s                  ; No                         ; Yes                        ; 2.32 V                      ; 4.49e-09 V                  ; 2.38 V             ; -0.00552 V         ; 0.096 V                             ; 0.019 V                             ; 4.18e-10 s                 ; 3.59e-10 s                 ; No                        ; Yes                       ;
; HEX3[4]       ; 2.5 V        ; 0 s                 ; 0 s                 ; 2.32 V                       ; 4.49e-09 V                   ; 2.38 V              ; -0.00552 V          ; 0.096 V                              ; 0.019 V                              ; 4.18e-10 s                  ; 3.59e-10 s                  ; No                         ; Yes                        ; 2.32 V                      ; 4.49e-09 V                  ; 2.38 V             ; -0.00552 V         ; 0.096 V                             ; 0.019 V                             ; 4.18e-10 s                 ; 3.59e-10 s                 ; No                        ; Yes                       ;
; HEX3[5]       ; 2.5 V        ; 0 s                 ; 0 s                 ; 2.32 V                       ; 4.49e-09 V                   ; 2.38 V              ; -0.00552 V          ; 0.096 V                              ; 0.019 V                              ; 4.18e-10 s                  ; 3.59e-10 s                  ; No                         ; Yes                        ; 2.32 V                      ; 4.49e-09 V                  ; 2.38 V             ; -0.00552 V         ; 0.096 V                             ; 0.019 V                             ; 4.18e-10 s                 ; 3.59e-10 s                 ; No                        ; Yes                       ;
; HEX3[6]       ; 2.5 V        ; 0 s                 ; 0 s                 ; 2.32 V                       ; 4.49e-09 V                   ; 2.38 V              ; -0.00552 V          ; 0.096 V                              ; 0.019 V                              ; 4.18e-10 s                  ; 3.59e-10 s                  ; No                         ; Yes                        ; 2.32 V                      ; 4.49e-09 V                  ; 2.38 V             ; -0.00552 V         ; 0.096 V                             ; 0.019 V                             ; 4.18e-10 s                 ; 3.59e-10 s                 ; No                        ; Yes                       ;
; HEX4[0]       ; 2.5 V        ; 0 s                 ; 0 s                 ; 2.32 V                       ; 4.49e-09 V                   ; 2.38 V              ; -0.00552 V          ; 0.096 V                              ; 0.019 V                              ; 4.18e-10 s                  ; 3.59e-10 s                  ; No                         ; Yes                        ; 2.32 V                      ; 4.49e-09 V                  ; 2.38 V             ; -0.00552 V         ; 0.096 V                             ; 0.019 V                             ; 4.18e-10 s                 ; 3.59e-10 s                 ; No                        ; Yes                       ;
; HEX4[1]       ; 2.5 V        ; 0 s                 ; 0 s                 ; 2.32 V                       ; 4.49e-09 V                   ; 2.38 V              ; -0.00552 V          ; 0.096 V                              ; 0.019 V                              ; 4.18e-10 s                  ; 3.59e-10 s                  ; No                         ; Yes                        ; 2.32 V                      ; 4.49e-09 V                  ; 2.38 V             ; -0.00552 V         ; 0.096 V                             ; 0.019 V                             ; 4.18e-10 s                 ; 3.59e-10 s                 ; No                        ; Yes                       ;
; HEX4[2]       ; 2.5 V        ; 0 s                 ; 0 s                 ; 2.32 V                       ; 4.49e-09 V                   ; 2.38 V              ; -0.00552 V          ; 0.096 V                              ; 0.019 V                              ; 4.18e-10 s                  ; 3.59e-10 s                  ; No                         ; Yes                        ; 2.32 V                      ; 4.49e-09 V                  ; 2.38 V             ; -0.00552 V         ; 0.096 V                             ; 0.019 V                             ; 4.18e-10 s                 ; 3.59e-10 s                 ; No                        ; Yes                       ;
; HEX4[3]       ; 2.5 V        ; 0 s                 ; 0 s                 ; 2.32 V                       ; 4.49e-09 V                   ; 2.38 V              ; -0.00552 V          ; 0.096 V                              ; 0.019 V                              ; 4.18e-10 s                  ; 3.59e-10 s                  ; No                         ; Yes                        ; 2.32 V                      ; 4.49e-09 V                  ; 2.38 V             ; -0.00552 V         ; 0.096 V                             ; 0.019 V                             ; 4.18e-10 s                 ; 3.59e-10 s                 ; No                        ; Yes                       ;
; HEX4[4]       ; 2.5 V        ; 0 s                 ; 0 s                 ; 2.32 V                       ; 4.49e-09 V                   ; 2.38 V              ; -0.00552 V          ; 0.096 V                              ; 0.019 V                              ; 4.18e-10 s                  ; 3.59e-10 s                  ; No                         ; Yes                        ; 2.32 V                      ; 4.49e-09 V                  ; 2.38 V             ; -0.00552 V         ; 0.096 V                             ; 0.019 V                             ; 4.18e-10 s                 ; 3.59e-10 s                 ; No                        ; Yes                       ;
; HEX4[5]       ; 2.5 V        ; 0 s                 ; 0 s                 ; 2.32 V                       ; 4.49e-09 V                   ; 2.38 V              ; -0.00552 V          ; 0.096 V                              ; 0.019 V                              ; 4.18e-10 s                  ; 3.59e-10 s                  ; No                         ; Yes                        ; 2.32 V                      ; 4.49e-09 V                  ; 2.38 V             ; -0.00552 V         ; 0.096 V                             ; 0.019 V                             ; 4.18e-10 s                 ; 3.59e-10 s                 ; No                        ; Yes                       ;
; HEX4[6]       ; 2.5 V        ; 0 s                 ; 0 s                 ; 2.32 V                       ; 4.49e-09 V                   ; 2.38 V              ; -0.00552 V          ; 0.096 V                              ; 0.019 V                              ; 4.18e-10 s                  ; 3.59e-10 s                  ; No                         ; Yes                        ; 2.32 V                      ; 4.49e-09 V                  ; 2.38 V             ; -0.00552 V         ; 0.096 V                             ; 0.019 V                             ; 4.18e-10 s                 ; 3.59e-10 s                 ; No                        ; Yes                       ;
; HEX5[0]       ; 2.5 V        ; 0 s                 ; 0 s                 ; 2.32 V                       ; 4.49e-09 V                   ; 2.38 V              ; -0.00552 V          ; 0.096 V                              ; 0.019 V                              ; 4.18e-10 s                  ; 3.59e-10 s                  ; No                         ; Yes                        ; 2.32 V                      ; 4.49e-09 V                  ; 2.38 V             ; -0.00552 V         ; 0.096 V                             ; 0.019 V                             ; 4.18e-10 s                 ; 3.59e-10 s                 ; No                        ; Yes                       ;
; HEX5[1]       ; 2.5 V        ; 0 s                 ; 0 s                 ; 2.32 V                       ; 4.49e-09 V                   ; 2.33 V              ; -0.00467 V          ; 0.226 V                              ; 0.087 V                              ; 2.91e-09 s                  ; 2.74e-09 s                  ; Yes                        ; Yes                        ; 2.32 V                      ; 4.49e-09 V                  ; 2.33 V             ; -0.00467 V         ; 0.226 V                             ; 0.087 V                             ; 2.91e-09 s                 ; 2.74e-09 s                 ; Yes                       ; Yes                       ;
; HEX5[2]       ; 2.5 V        ; 0 s                 ; 0 s                 ; 2.32 V                       ; 4.49e-09 V                   ; 2.38 V              ; -0.00552 V          ; 0.096 V                              ; 0.019 V                              ; 4.18e-10 s                  ; 3.59e-10 s                  ; No                         ; Yes                        ; 2.32 V                      ; 4.49e-09 V                  ; 2.38 V             ; -0.00552 V         ; 0.096 V                             ; 0.019 V                             ; 4.18e-10 s                 ; 3.59e-10 s                 ; No                        ; Yes                       ;
; HEX5[3]       ; 2.5 V        ; 0 s                 ; 0 s                 ; 2.32 V                       ; 4.49e-09 V                   ; 2.38 V              ; -0.00552 V          ; 0.096 V                              ; 0.019 V                              ; 4.18e-10 s                  ; 3.59e-10 s                  ; No                         ; Yes                        ; 2.32 V                      ; 4.49e-09 V                  ; 2.38 V             ; -0.00552 V         ; 0.096 V                             ; 0.019 V                             ; 4.18e-10 s                 ; 3.59e-10 s                 ; No                        ; Yes                       ;
; HEX5[4]       ; 2.5 V        ; 0 s                 ; 0 s                 ; 2.32 V                       ; 4.49e-09 V                   ; 2.38 V              ; -0.00552 V          ; 0.096 V                              ; 0.019 V                              ; 4.18e-10 s                  ; 3.59e-10 s                  ; No                         ; Yes                        ; 2.32 V                      ; 4.49e-09 V                  ; 2.38 V             ; -0.00552 V         ; 0.096 V                             ; 0.019 V                             ; 4.18e-10 s                 ; 3.59e-10 s                 ; No                        ; Yes                       ;
; HEX5[5]       ; 2.5 V        ; 0 s                 ; 0 s                 ; 2.32 V                       ; 4.49e-09 V                   ; 2.38 V              ; -0.00552 V          ; 0.096 V                              ; 0.019 V                              ; 4.18e-10 s                  ; 3.59e-10 s                  ; No                         ; Yes                        ; 2.32 V                      ; 4.49e-09 V                  ; 2.38 V             ; -0.00552 V         ; 0.096 V                             ; 0.019 V                             ; 4.18e-10 s                 ; 3.59e-10 s                 ; No                        ; Yes                       ;
; HEX5[6]       ; 2.5 V        ; 0 s                 ; 0 s                 ; 2.32 V                       ; 4.49e-09 V                   ; 2.38 V              ; -0.00552 V          ; 0.096 V                              ; 0.019 V                              ; 4.18e-10 s                  ; 3.59e-10 s                  ; No                         ; Yes                        ; 2.32 V                      ; 4.49e-09 V                  ; 2.38 V             ; -0.00552 V         ; 0.096 V                             ; 0.019 V                             ; 4.18e-10 s                 ; 3.59e-10 s                 ; No                        ; Yes                       ;
; ~ALTERA_DCLK~ ; 2.5 V        ; 0 s                 ; 0 s                 ; 2.32 V                       ; 2.67e-09 V                   ; 2.38 V              ; -0.0485 V           ; 0.167 V                              ; 0.096 V                              ; 2.95e-10 s                  ; 2.73e-10 s                  ; Yes                        ; Yes                        ; 2.32 V                      ; 2.67e-09 V                  ; 2.38 V             ; -0.0485 V          ; 0.167 V                             ; 0.096 V                             ; 2.95e-10 s                 ; 2.73e-10 s                 ; Yes                       ; Yes                       ;
; ~ALTERA_nCEO~ ; 2.5 V        ; 0 s                 ; 0 s                 ; 2.32 V                       ; 4.18e-09 V                   ; 2.38 V              ; -0.00483 V          ; 0.152 V                              ; 0.012 V                              ; 4.81e-10 s                  ; 6.29e-10 s                  ; Yes                        ; Yes                        ; 2.32 V                      ; 4.18e-09 V                  ; 2.38 V             ; -0.00483 V         ; 0.152 V                             ; 0.012 V                             ; 4.81e-10 s                 ; 6.29e-10 s                 ; Yes                       ; Yes                       ;
+---------------+--------------+---------------------+---------------------+------------------------------+------------------------------+---------------------+---------------------+--------------------------------------+--------------------------------------+-----------------------------+-----------------------------+----------------------------+----------------------------+-----------------------------+-----------------------------+--------------------+--------------------+-------------------------------------+-------------------------------------+----------------------------+----------------------------+---------------------------+---------------------------+


+--------------------------------------------------------------------------------------------------------------------------------------------------------------------------------------------------------------------------------------------------------------------------------------------------------------------------------------------------------------------------------------------------------------------------------------------------------------------------------------------------------------------------------------------------------------------------------------------------------------------------------------------------------------------------------------------+
; Signal Integrity Metrics (Slow 1200mv 85c Model)                                                                                                                                                                                                                                                                                                                                                                                                                                                                                                                                                                                                                                           ;
+---------------+--------------+---------------------+---------------------+------------------------------+------------------------------+---------------------+---------------------+--------------------------------------+--------------------------------------+-----------------------------+-----------------------------+----------------------------+----------------------------+-----------------------------+-----------------------------+--------------------+--------------------+-------------------------------------+-------------------------------------+----------------------------+----------------------------+---------------------------+---------------------------+
; Pin           ; I/O Standard ; Board Delay on Rise ; Board Delay on Fall ; Steady State Voh at FPGA Pin ; Steady State Vol at FPGA Pin ; Voh Max at FPGA Pin ; Vol Min at FPGA Pin ; Ringback Voltage on Rise at FPGA Pin ; Ringback Voltage on Fall at FPGA Pin ; 10-90 Rise Time at FPGA Pin ; 90-10 Fall Time at FPGA Pin ; Monotonic Rise at FPGA Pin ; Monotonic Fall at FPGA Pin ; Steady State Voh at Far-end ; Steady State Vol at Far-end ; Voh Max at Far-end ; Vol Min at Far-end ; Ringback Voltage on Rise at Far-end ; Ringback Voltage on Fall at Far-end ; 10-90 Rise Time at Far-end ; 90-10 Fall Time at Far-end ; Monotonic Rise at Far-end ; Monotonic Fall at Far-end ;
+---------------+--------------+---------------------+---------------------+------------------------------+------------------------------+---------------------+---------------------+--------------------------------------+--------------------------------------+-----------------------------+-----------------------------+----------------------------+----------------------------+-----------------------------+-----------------------------+--------------------+--------------------+-------------------------------------+-------------------------------------+----------------------------+----------------------------+---------------------------+---------------------------+
; HEX0[0]       ; 2.5 V        ; 0 s                 ; 0 s                 ; 2.32 V                       ; 6.92e-07 V                   ; 2.35 V              ; -0.00996 V          ; 0.121 V                              ; 0.03 V                               ; 4.64e-10 s                  ; 4.47e-10 s                  ; Yes                        ; Yes                        ; 2.32 V                      ; 6.92e-07 V                  ; 2.35 V             ; -0.00996 V         ; 0.121 V                             ; 0.03 V                              ; 4.64e-10 s                 ; 4.47e-10 s                 ; Yes                       ; Yes                       ;
; HEX0[1]       ; 2.5 V        ; 0 s                 ; 0 s                 ; 2.32 V                       ; 6.92e-07 V                   ; 2.33 V              ; -0.00265 V          ; 0.133 V                              ; 0.056 V                              ; 3.55e-09 s                  ; 3.31e-09 s                  ; Yes                        ; Yes                        ; 2.32 V                      ; 6.92e-07 V                  ; 2.33 V             ; -0.00265 V         ; 0.133 V                             ; 0.056 V                             ; 3.55e-09 s                 ; 3.31e-09 s                 ; Yes                       ; Yes                       ;
; HEX0[2]       ; 2.5 V        ; 0 s                 ; 0 s                 ; 2.32 V                       ; 6.92e-07 V                   ; 2.35 V              ; -0.00996 V          ; 0.121 V                              ; 0.03 V                               ; 4.64e-10 s                  ; 4.47e-10 s                  ; Yes                        ; Yes                        ; 2.32 V                      ; 6.92e-07 V                  ; 2.35 V             ; -0.00996 V         ; 0.121 V                             ; 0.03 V                              ; 4.64e-10 s                 ; 4.47e-10 s                 ; Yes                       ; Yes                       ;
; HEX0[3]       ; 2.5 V        ; 0 s                 ; 0 s                 ; 2.32 V                       ; 4.67e-07 V                   ; 2.36 V              ; -0.00552 V          ; 0.11 V                               ; 0.007 V                              ; 4.54e-10 s                  ; 4.35e-10 s                  ; Yes                        ; Yes                        ; 2.32 V                      ; 4.67e-07 V                  ; 2.36 V             ; -0.00552 V         ; 0.11 V                              ; 0.007 V                             ; 4.54e-10 s                 ; 4.35e-10 s                 ; Yes                       ; Yes                       ;
; HEX0[4]       ; 2.5 V        ; 0 s                 ; 0 s                 ; 2.32 V                       ; 4.67e-07 V                   ; 2.36 V              ; -0.00552 V          ; 0.11 V                               ; 0.007 V                              ; 4.54e-10 s                  ; 4.35e-10 s                  ; Yes                        ; Yes                        ; 2.32 V                      ; 4.67e-07 V                  ; 2.36 V             ; -0.00552 V         ; 0.11 V                              ; 0.007 V                             ; 4.54e-10 s                 ; 4.35e-10 s                 ; Yes                       ; Yes                       ;
; HEX0[5]       ; 2.5 V        ; 0 s                 ; 0 s                 ; 2.32 V                       ; 4.67e-07 V                   ; 2.33 V              ; -0.00269 V          ; 0.13 V                               ; 0.055 V                              ; 3.54e-09 s                  ; 3.29e-09 s                  ; Yes                        ; Yes                        ; 2.32 V                      ; 4.67e-07 V                  ; 2.33 V             ; -0.00269 V         ; 0.13 V                              ; 0.055 V                             ; 3.54e-09 s                 ; 3.29e-09 s                 ; Yes                       ; Yes                       ;
; HEX0[6]       ; 2.5 V        ; 0 s                 ; 0 s                 ; 2.32 V                       ; 4.67e-07 V                   ; 2.36 V              ; -0.00552 V          ; 0.11 V                               ; 0.007 V                              ; 4.54e-10 s                  ; 4.35e-10 s                  ; Yes                        ; Yes                        ; 2.32 V                      ; 4.67e-07 V                  ; 2.36 V             ; -0.00552 V         ; 0.11 V                              ; 0.007 V                             ; 4.54e-10 s                 ; 4.35e-10 s                 ; Yes                       ; Yes                       ;
; HEX1[0]       ; 2.5 V        ; 0 s                 ; 0 s                 ; 2.32 V                       ; 4.67e-07 V                   ; 2.36 V              ; -0.00552 V          ; 0.11 V                               ; 0.007 V                              ; 4.54e-10 s                  ; 4.35e-10 s                  ; Yes                        ; Yes                        ; 2.32 V                      ; 4.67e-07 V                  ; 2.36 V             ; -0.00552 V         ; 0.11 V                              ; 0.007 V                             ; 4.54e-10 s                 ; 4.35e-10 s                 ; Yes                       ; Yes                       ;
; HEX1[1]       ; 2.5 V        ; 0 s                 ; 0 s                 ; 2.32 V                       ; 4.67e-07 V                   ; 2.35 V              ; -0.00942 V          ; 0.116 V                              ; 0.033 V                              ; 6.66e-10 s                  ; 6.27e-10 s                  ; Yes                        ; Yes                        ; 2.32 V                      ; 4.67e-07 V                  ; 2.35 V             ; -0.00942 V         ; 0.116 V                             ; 0.033 V                             ; 6.66e-10 s                 ; 6.27e-10 s                 ; Yes                       ; Yes                       ;
; HEX1[2]       ; 2.5 V        ; 0 s                 ; 0 s                 ; 2.32 V                       ; 4.67e-07 V                   ; 2.35 V              ; -0.00942 V          ; 0.116 V                              ; 0.033 V                              ; 6.66e-10 s                  ; 6.27e-10 s                  ; Yes                        ; Yes                        ; 2.32 V                      ; 4.67e-07 V                  ; 2.35 V             ; -0.00942 V         ; 0.116 V                             ; 0.033 V                             ; 6.66e-10 s                 ; 6.27e-10 s                 ; Yes                       ; Yes                       ;
; HEX1[3]       ; 2.5 V        ; 0 s                 ; 0 s                 ; 2.32 V                       ; 4.67e-07 V                   ; 2.35 V              ; -0.00942 V          ; 0.116 V                              ; 0.033 V                              ; 6.66e-10 s                  ; 6.27e-10 s                  ; Yes                        ; Yes                        ; 2.32 V                      ; 4.67e-07 V                  ; 2.35 V             ; -0.00942 V         ; 0.116 V                             ; 0.033 V                             ; 6.66e-10 s                 ; 6.27e-10 s                 ; Yes                       ; Yes                       ;
; HEX1[4]       ; 2.5 V        ; 0 s                 ; 0 s                 ; 2.32 V                       ; 4.67e-07 V                   ; 2.35 V              ; -0.00942 V          ; 0.116 V                              ; 0.033 V                              ; 6.66e-10 s                  ; 6.27e-10 s                  ; Yes                        ; Yes                        ; 2.32 V                      ; 4.67e-07 V                  ; 2.35 V             ; -0.00942 V         ; 0.116 V                             ; 0.033 V                             ; 6.66e-10 s                 ; 6.27e-10 s                 ; Yes                       ; Yes                       ;
; HEX1[5]       ; 2.5 V        ; 0 s                 ; 0 s                 ; 2.32 V                       ; 4.67e-07 V                   ; 2.33 V              ; -0.00269 V          ; 0.13 V                               ; 0.055 V                              ; 3.54e-09 s                  ; 3.29e-09 s                  ; Yes                        ; Yes                        ; 2.32 V                      ; 4.67e-07 V                  ; 2.33 V             ; -0.00269 V         ; 0.13 V                              ; 0.055 V                             ; 3.54e-09 s                 ; 3.29e-09 s                 ; Yes                       ; Yes                       ;
; HEX1[6]       ; 2.5 V        ; 0 s                 ; 0 s                 ; 2.32 V                       ; 4.67e-07 V                   ; 2.33 V              ; -0.00269 V          ; 0.13 V                               ; 0.055 V                              ; 3.54e-09 s                  ; 3.29e-09 s                  ; Yes                        ; Yes                        ; 2.32 V                      ; 4.67e-07 V                  ; 2.33 V             ; -0.00269 V         ; 0.13 V                              ; 0.055 V                             ; 3.54e-09 s                 ; 3.29e-09 s                 ; Yes                       ; Yes                       ;
; HEX2[0]       ; 2.5 V        ; 0 s                 ; 0 s                 ; 2.32 V                       ; 4.67e-07 V                   ; 2.35 V              ; -0.00942 V          ; 0.116 V                              ; 0.033 V                              ; 6.66e-10 s                  ; 6.27e-10 s                  ; Yes                        ; Yes                        ; 2.32 V                      ; 4.67e-07 V                  ; 2.35 V             ; -0.00942 V         ; 0.116 V                             ; 0.033 V                             ; 6.66e-10 s                 ; 6.27e-10 s                 ; Yes                       ; Yes                       ;
; HEX2[1]       ; 2.5 V        ; 0 s                 ; 0 s                 ; 2.32 V                       ; 4.67e-07 V                   ; 2.35 V              ; -0.00942 V          ; 0.116 V                              ; 0.033 V                              ; 6.66e-10 s                  ; 6.27e-10 s                  ; Yes                        ; Yes                        ; 2.32 V                      ; 4.67e-07 V                  ; 2.35 V             ; -0.00942 V         ; 0.116 V                             ; 0.033 V                             ; 6.66e-10 s                 ; 6.27e-10 s                 ; Yes                       ; Yes                       ;
; HEX2[2]       ; 2.5 V        ; 0 s                 ; 0 s                 ; 2.32 V                       ; 4.67e-07 V                   ; 2.35 V              ; -0.00942 V          ; 0.116 V                              ; 0.033 V                              ; 6.66e-10 s                  ; 6.27e-10 s                  ; Yes                        ; Yes                        ; 2.32 V                      ; 4.67e-07 V                  ; 2.35 V             ; -0.00942 V         ; 0.116 V                             ; 0.033 V                             ; 6.66e-10 s                 ; 6.27e-10 s                 ; Yes                       ; Yes                       ;
; HEX2[3]       ; 2.5 V        ; 0 s                 ; 0 s                 ; 2.32 V                       ; 4.67e-07 V                   ; 2.35 V              ; -0.00942 V          ; 0.116 V                              ; 0.033 V                              ; 6.66e-10 s                  ; 6.27e-10 s                  ; Yes                        ; Yes                        ; 2.32 V                      ; 4.67e-07 V                  ; 2.35 V             ; -0.00942 V         ; 0.116 V                             ; 0.033 V                             ; 6.66e-10 s                 ; 6.27e-10 s                 ; Yes                       ; Yes                       ;
; HEX2[4]       ; 2.5 V        ; 0 s                 ; 0 s                 ; 2.32 V                       ; 4.67e-07 V                   ; 2.35 V              ; -0.00942 V          ; 0.116 V                              ; 0.033 V                              ; 6.66e-10 s                  ; 6.27e-10 s                  ; Yes                        ; Yes                        ; 2.32 V                      ; 4.67e-07 V                  ; 2.35 V             ; -0.00942 V         ; 0.116 V                             ; 0.033 V                             ; 6.66e-10 s                 ; 6.27e-10 s                 ; Yes                       ; Yes                       ;
; HEX2[5]       ; 2.5 V        ; 0 s                 ; 0 s                 ; 2.32 V                       ; 4.67e-07 V                   ; 2.35 V              ; -0.00942 V          ; 0.116 V                              ; 0.033 V                              ; 6.66e-10 s                  ; 6.27e-10 s                  ; Yes                        ; Yes                        ; 2.32 V                      ; 4.67e-07 V                  ; 2.35 V             ; -0.00942 V         ; 0.116 V                             ; 0.033 V                             ; 6.66e-10 s                 ; 6.27e-10 s                 ; Yes                       ; Yes                       ;
; HEX2[6]       ; 2.5 V        ; 0 s                 ; 0 s                 ; 2.32 V                       ; 4.67e-07 V                   ; 2.35 V              ; -0.00942 V          ; 0.116 V                              ; 0.033 V                              ; 6.66e-10 s                  ; 6.27e-10 s                  ; Yes                        ; Yes                        ; 2.32 V                      ; 4.67e-07 V                  ; 2.35 V             ; -0.00942 V         ; 0.116 V                             ; 0.033 V                             ; 6.66e-10 s                 ; 6.27e-10 s                 ; Yes                       ; Yes                       ;
; HEX3[0]       ; 2.5 V        ; 0 s                 ; 0 s                 ; 2.32 V                       ; 4.67e-07 V                   ; 2.35 V              ; -0.00942 V          ; 0.116 V                              ; 0.033 V                              ; 6.66e-10 s                  ; 6.27e-10 s                  ; Yes                        ; Yes                        ; 2.32 V                      ; 4.67e-07 V                  ; 2.35 V             ; -0.00942 V         ; 0.116 V                             ; 0.033 V                             ; 6.66e-10 s                 ; 6.27e-10 s                 ; Yes                       ; Yes                       ;
; HEX3[1]       ; 2.5 V        ; 0 s                 ; 0 s                 ; 2.32 V                       ; 4.67e-07 V                   ; 2.36 V              ; -0.00552 V          ; 0.11 V                               ; 0.007 V                              ; 4.54e-10 s                  ; 4.35e-10 s                  ; Yes                        ; Yes                        ; 2.32 V                      ; 4.67e-07 V                  ; 2.36 V             ; -0.00552 V         ; 0.11 V                              ; 0.007 V                             ; 4.54e-10 s                 ; 4.35e-10 s                 ; Yes                       ; Yes                       ;
; HEX3[2]       ; 2.5 V        ; 0 s                 ; 0 s                 ; 2.32 V                       ; 6.92e-07 V                   ; 2.33 V              ; -0.00265 V          ; 0.133 V                              ; 0.056 V                              ; 3.55e-09 s                  ; 3.31e-09 s                  ; Yes                        ; Yes                        ; 2.32 V                      ; 6.92e-07 V                  ; 2.33 V             ; -0.00265 V         ; 0.133 V                             ; 0.056 V                             ; 3.55e-09 s                 ; 3.31e-09 s                 ; Yes                       ; Yes                       ;
; HEX3[3]       ; 2.5 V        ; 0 s                 ; 0 s                 ; 2.32 V                       ; 6.92e-07 V                   ; 2.35 V              ; -0.00996 V          ; 0.121 V                              ; 0.03 V                               ; 4.64e-10 s                  ; 4.47e-10 s                  ; Yes                        ; Yes                        ; 2.32 V                      ; 6.92e-07 V                  ; 2.35 V             ; -0.00996 V         ; 0.121 V                             ; 0.03 V                              ; 4.64e-10 s                 ; 4.47e-10 s                 ; Yes                       ; Yes                       ;
; HEX3[4]       ; 2.5 V        ; 0 s                 ; 0 s                 ; 2.32 V                       ; 6.92e-07 V                   ; 2.35 V              ; -0.00996 V          ; 0.121 V                              ; 0.03 V                               ; 4.64e-10 s                  ; 4.47e-10 s                  ; Yes                        ; Yes                        ; 2.32 V                      ; 6.92e-07 V                  ; 2.35 V             ; -0.00996 V         ; 0.121 V                             ; 0.03 V                              ; 4.64e-10 s                 ; 4.47e-10 s                 ; Yes                       ; Yes                       ;
; HEX3[5]       ; 2.5 V        ; 0 s                 ; 0 s                 ; 2.32 V                       ; 6.92e-07 V                   ; 2.35 V              ; -0.00996 V          ; 0.121 V                              ; 0.03 V                               ; 4.64e-10 s                  ; 4.47e-10 s                  ; Yes                        ; Yes                        ; 2.32 V                      ; 6.92e-07 V                  ; 2.35 V             ; -0.00996 V         ; 0.121 V                             ; 0.03 V                              ; 4.64e-10 s                 ; 4.47e-10 s                 ; Yes                       ; Yes                       ;
; HEX3[6]       ; 2.5 V        ; 0 s                 ; 0 s                 ; 2.32 V                       ; 6.92e-07 V                   ; 2.35 V              ; -0.00996 V          ; 0.121 V                              ; 0.03 V                               ; 4.64e-10 s                  ; 4.47e-10 s                  ; Yes                        ; Yes                        ; 2.32 V                      ; 6.92e-07 V                  ; 2.35 V             ; -0.00996 V         ; 0.121 V                             ; 0.03 V                              ; 4.64e-10 s                 ; 4.47e-10 s                 ; Yes                       ; Yes                       ;
; HEX4[0]       ; 2.5 V        ; 0 s                 ; 0 s                 ; 2.32 V                       ; 6.92e-07 V                   ; 2.35 V              ; -0.00996 V          ; 0.121 V                              ; 0.03 V                               ; 4.64e-10 s                  ; 4.47e-10 s                  ; Yes                        ; Yes                        ; 2.32 V                      ; 6.92e-07 V                  ; 2.35 V             ; -0.00996 V         ; 0.121 V                             ; 0.03 V                              ; 4.64e-10 s                 ; 4.47e-10 s                 ; Yes                       ; Yes                       ;
; HEX4[1]       ; 2.5 V        ; 0 s                 ; 0 s                 ; 2.32 V                       ; 6.92e-07 V                   ; 2.35 V              ; -0.00996 V          ; 0.121 V                              ; 0.03 V                               ; 4.64e-10 s                  ; 4.47e-10 s                  ; Yes                        ; Yes                        ; 2.32 V                      ; 6.92e-07 V                  ; 2.35 V             ; -0.00996 V         ; 0.121 V                             ; 0.03 V                              ; 4.64e-10 s                 ; 4.47e-10 s                 ; Yes                       ; Yes                       ;
; HEX4[2]       ; 2.5 V        ; 0 s                 ; 0 s                 ; 2.32 V                       ; 6.92e-07 V                   ; 2.35 V              ; -0.00996 V          ; 0.121 V                              ; 0.03 V                               ; 4.64e-10 s                  ; 4.47e-10 s                  ; Yes                        ; Yes                        ; 2.32 V                      ; 6.92e-07 V                  ; 2.35 V             ; -0.00996 V         ; 0.121 V                             ; 0.03 V                              ; 4.64e-10 s                 ; 4.47e-10 s                 ; Yes                       ; Yes                       ;
; HEX4[3]       ; 2.5 V        ; 0 s                 ; 0 s                 ; 2.32 V                       ; 6.92e-07 V                   ; 2.35 V              ; -0.00996 V          ; 0.121 V                              ; 0.03 V                               ; 4.64e-10 s                  ; 4.47e-10 s                  ; Yes                        ; Yes                        ; 2.32 V                      ; 6.92e-07 V                  ; 2.35 V             ; -0.00996 V         ; 0.121 V                             ; 0.03 V                              ; 4.64e-10 s                 ; 4.47e-10 s                 ; Yes                       ; Yes                       ;
; HEX4[4]       ; 2.5 V        ; 0 s                 ; 0 s                 ; 2.32 V                       ; 6.92e-07 V                   ; 2.35 V              ; -0.00996 V          ; 0.121 V                              ; 0.03 V                               ; 4.64e-10 s                  ; 4.47e-10 s                  ; Yes                        ; Yes                        ; 2.32 V                      ; 6.92e-07 V                  ; 2.35 V             ; -0.00996 V         ; 0.121 V                             ; 0.03 V                              ; 4.64e-10 s                 ; 4.47e-10 s                 ; Yes                       ; Yes                       ;
; HEX4[5]       ; 2.5 V        ; 0 s                 ; 0 s                 ; 2.32 V                       ; 6.92e-07 V                   ; 2.35 V              ; -0.00996 V          ; 0.121 V                              ; 0.03 V                               ; 4.64e-10 s                  ; 4.47e-10 s                  ; Yes                        ; Yes                        ; 2.32 V                      ; 6.92e-07 V                  ; 2.35 V             ; -0.00996 V         ; 0.121 V                             ; 0.03 V                              ; 4.64e-10 s                 ; 4.47e-10 s                 ; Yes                       ; Yes                       ;
; HEX4[6]       ; 2.5 V        ; 0 s                 ; 0 s                 ; 2.32 V                       ; 6.92e-07 V                   ; 2.35 V              ; -0.00996 V          ; 0.121 V                              ; 0.03 V                               ; 4.64e-10 s                  ; 4.47e-10 s                  ; Yes                        ; Yes                        ; 2.32 V                      ; 6.92e-07 V                  ; 2.35 V             ; -0.00996 V         ; 0.121 V                             ; 0.03 V                              ; 4.64e-10 s                 ; 4.47e-10 s                 ; Yes                       ; Yes                       ;
; HEX5[0]       ; 2.5 V        ; 0 s                 ; 0 s                 ; 2.32 V                       ; 6.92e-07 V                   ; 2.35 V              ; -0.00996 V          ; 0.121 V                              ; 0.03 V                               ; 4.64e-10 s                  ; 4.47e-10 s                  ; Yes                        ; Yes                        ; 2.32 V                      ; 6.92e-07 V                  ; 2.35 V             ; -0.00996 V         ; 0.121 V                             ; 0.03 V                              ; 4.64e-10 s                 ; 4.47e-10 s                 ; Yes                       ; Yes                       ;
; HEX5[1]       ; 2.5 V        ; 0 s                 ; 0 s                 ; 2.32 V                       ; 6.92e-07 V                   ; 2.33 V              ; -0.00265 V          ; 0.133 V                              ; 0.056 V                              ; 3.55e-09 s                  ; 3.31e-09 s                  ; Yes                        ; Yes                        ; 2.32 V                      ; 6.92e-07 V                  ; 2.33 V             ; -0.00265 V         ; 0.133 V                             ; 0.056 V                             ; 3.55e-09 s                 ; 3.31e-09 s                 ; Yes                       ; Yes                       ;
; HEX5[2]       ; 2.5 V        ; 0 s                 ; 0 s                 ; 2.32 V                       ; 6.92e-07 V                   ; 2.35 V              ; -0.00996 V          ; 0.121 V                              ; 0.03 V                               ; 4.64e-10 s                  ; 4.47e-10 s                  ; Yes                        ; Yes                        ; 2.32 V                      ; 6.92e-07 V                  ; 2.35 V             ; -0.00996 V         ; 0.121 V                             ; 0.03 V                              ; 4.64e-10 s                 ; 4.47e-10 s                 ; Yes                       ; Yes                       ;
; HEX5[3]       ; 2.5 V        ; 0 s                 ; 0 s                 ; 2.32 V                       ; 6.92e-07 V                   ; 2.35 V              ; -0.00996 V          ; 0.121 V                              ; 0.03 V                               ; 4.64e-10 s                  ; 4.47e-10 s                  ; Yes                        ; Yes                        ; 2.32 V                      ; 6.92e-07 V                  ; 2.35 V             ; -0.00996 V         ; 0.121 V                             ; 0.03 V                              ; 4.64e-10 s                 ; 4.47e-10 s                 ; Yes                       ; Yes                       ;
; HEX5[4]       ; 2.5 V        ; 0 s                 ; 0 s                 ; 2.32 V                       ; 6.92e-07 V                   ; 2.35 V              ; -0.00996 V          ; 0.121 V                              ; 0.03 V                               ; 4.64e-10 s                  ; 4.47e-10 s                  ; Yes                        ; Yes                        ; 2.32 V                      ; 6.92e-07 V                  ; 2.35 V             ; -0.00996 V         ; 0.121 V                             ; 0.03 V                              ; 4.64e-10 s                 ; 4.47e-10 s                 ; Yes                       ; Yes                       ;
; HEX5[5]       ; 2.5 V        ; 0 s                 ; 0 s                 ; 2.32 V                       ; 6.92e-07 V                   ; 2.35 V              ; -0.00996 V          ; 0.121 V                              ; 0.03 V                               ; 4.64e-10 s                  ; 4.47e-10 s                  ; Yes                        ; Yes                        ; 2.32 V                      ; 6.92e-07 V                  ; 2.35 V             ; -0.00996 V         ; 0.121 V                             ; 0.03 V                              ; 4.64e-10 s                 ; 4.47e-10 s                 ; Yes                       ; Yes                       ;
; HEX5[6]       ; 2.5 V        ; 0 s                 ; 0 s                 ; 2.32 V                       ; 6.92e-07 V                   ; 2.35 V              ; -0.00996 V          ; 0.121 V                              ; 0.03 V                               ; 4.64e-10 s                  ; 4.47e-10 s                  ; Yes                        ; Yes                        ; 2.32 V                      ; 6.92e-07 V                  ; 2.35 V             ; -0.00996 V         ; 0.121 V                             ; 0.03 V                              ; 4.64e-10 s                 ; 4.47e-10 s                 ; Yes                       ; Yes                       ;
; ~ALTERA_DCLK~ ; 2.5 V        ; 0 s                 ; 0 s                 ; 2.32 V                       ; 3.75e-07 V                   ; 2.35 V              ; -0.0109 V           ; 0.084 V                              ; 0.027 V                              ; 4.31e-10 s                  ; 3.61e-10 s                  ; Yes                        ; Yes                        ; 2.32 V                      ; 3.75e-07 V                  ; 2.35 V             ; -0.0109 V          ; 0.084 V                             ; 0.027 V                             ; 4.31e-10 s                 ; 3.61e-10 s                 ; Yes                       ; Yes                       ;
; ~ALTERA_nCEO~ ; 2.5 V        ; 0 s                 ; 0 s                 ; 2.32 V                       ; 6.15e-07 V                   ; 2.35 V              ; -0.00712 V          ; 0.093 V                              ; 0.02 V                               ; 6.21e-10 s                  ; 7.9e-10 s                   ; Yes                        ; Yes                        ; 2.32 V                      ; 6.15e-07 V                  ; 2.35 V             ; -0.00712 V         ; 0.093 V                             ; 0.02 V                              ; 6.21e-10 s                 ; 7.9e-10 s                  ; Yes                       ; Yes                       ;
+---------------+--------------+---------------------+---------------------+------------------------------+------------------------------+---------------------+---------------------+--------------------------------------+--------------------------------------+-----------------------------+-----------------------------+----------------------------+----------------------------+-----------------------------+-----------------------------+--------------------+--------------------+-------------------------------------+-------------------------------------+----------------------------+----------------------------+---------------------------+---------------------------+


+--------------------------------------------------------------------------------------------------------------------------------------------------------------------------------------------------------------------------------------------------------------------------------------------------------------------------------------------------------------------------------------------------------------------------------------------------------------------------------------------------------------------------------------------------------------------------------------------------------------------------------------------------------------------------------------------+
; Signal Integrity Metrics (Fast 1200mv 0c Model)                                                                                                                                                                                                                                                                                                                                                                                                                                                                                                                                                                                                                                            ;
+---------------+--------------+---------------------+---------------------+------------------------------+------------------------------+---------------------+---------------------+--------------------------------------+--------------------------------------+-----------------------------+-----------------------------+----------------------------+----------------------------+-----------------------------+-----------------------------+--------------------+--------------------+-------------------------------------+-------------------------------------+----------------------------+----------------------------+---------------------------+---------------------------+
; Pin           ; I/O Standard ; Board Delay on Rise ; Board Delay on Fall ; Steady State Voh at FPGA Pin ; Steady State Vol at FPGA Pin ; Voh Max at FPGA Pin ; Vol Min at FPGA Pin ; Ringback Voltage on Rise at FPGA Pin ; Ringback Voltage on Fall at FPGA Pin ; 10-90 Rise Time at FPGA Pin ; 90-10 Fall Time at FPGA Pin ; Monotonic Rise at FPGA Pin ; Monotonic Fall at FPGA Pin ; Steady State Voh at Far-end ; Steady State Vol at Far-end ; Voh Max at Far-end ; Vol Min at Far-end ; Ringback Voltage on Rise at Far-end ; Ringback Voltage on Fall at Far-end ; 10-90 Rise Time at Far-end ; 90-10 Fall Time at Far-end ; Monotonic Rise at Far-end ; Monotonic Fall at Far-end ;
+---------------+--------------+---------------------+---------------------+------------------------------+------------------------------+---------------------+---------------------+--------------------------------------+--------------------------------------+-----------------------------+-----------------------------+----------------------------+----------------------------+-----------------------------+-----------------------------+--------------------+--------------------+-------------------------------------+-------------------------------------+----------------------------+----------------------------+---------------------------+---------------------------+
; HEX0[0]       ; 2.5 V        ; 0 s                 ; 0 s                 ; 2.62 V                       ; 4.05e-08 V                   ; 2.72 V              ; -0.0349 V           ; 0.173 V                              ; 0.1 V                                ; 2.72e-10 s                  ; 2.69e-10 s                  ; Yes                        ; Yes                        ; 2.62 V                      ; 4.05e-08 V                  ; 2.72 V             ; -0.0349 V          ; 0.173 V                             ; 0.1 V                               ; 2.72e-10 s                 ; 2.69e-10 s                 ; Yes                       ; Yes                       ;
; HEX0[1]       ; 2.5 V        ; 0 s                 ; 0 s                 ; 2.62 V                       ; 4.05e-08 V                   ; 2.64 V              ; -0.0113 V           ; 0.208 V                              ; 0.179 V                              ; 2.38e-09 s                  ; 2.23e-09 s                  ; No                         ; Yes                        ; 2.62 V                      ; 4.05e-08 V                  ; 2.64 V             ; -0.0113 V          ; 0.208 V                             ; 0.179 V                             ; 2.38e-09 s                 ; 2.23e-09 s                 ; No                        ; Yes                       ;
; HEX0[2]       ; 2.5 V        ; 0 s                 ; 0 s                 ; 2.62 V                       ; 4.05e-08 V                   ; 2.72 V              ; -0.0349 V           ; 0.173 V                              ; 0.1 V                                ; 2.72e-10 s                  ; 2.69e-10 s                  ; Yes                        ; Yes                        ; 2.62 V                      ; 4.05e-08 V                  ; 2.72 V             ; -0.0349 V          ; 0.173 V                             ; 0.1 V                               ; 2.72e-10 s                 ; 2.69e-10 s                 ; Yes                       ; Yes                       ;
; HEX0[3]       ; 2.5 V        ; 0 s                 ; 0 s                 ; 2.62 V                       ; 2.74e-08 V                   ; 2.73 V              ; -0.0384 V           ; 0.169 V                              ; 0.089 V                              ; 2.7e-10 s                   ; 2.62e-10 s                  ; Yes                        ; Yes                        ; 2.62 V                      ; 2.74e-08 V                  ; 2.73 V             ; -0.0384 V          ; 0.169 V                             ; 0.089 V                             ; 2.7e-10 s                  ; 2.62e-10 s                 ; Yes                       ; Yes                       ;
; HEX0[4]       ; 2.5 V        ; 0 s                 ; 0 s                 ; 2.62 V                       ; 2.74e-08 V                   ; 2.73 V              ; -0.0384 V           ; 0.169 V                              ; 0.089 V                              ; 2.7e-10 s                   ; 2.62e-10 s                  ; Yes                        ; Yes                        ; 2.62 V                      ; 2.74e-08 V                  ; 2.73 V             ; -0.0384 V          ; 0.169 V                             ; 0.089 V                             ; 2.7e-10 s                  ; 2.62e-10 s                 ; Yes                       ; Yes                       ;
; HEX0[5]       ; 2.5 V        ; 0 s                 ; 0 s                 ; 2.62 V                       ; 2.74e-08 V                   ; 2.64 V              ; -0.0117 V           ; 0.202 V                              ; 0.176 V                              ; 2.38e-09 s                  ; 2.22e-09 s                  ; No                         ; Yes                        ; 2.62 V                      ; 2.74e-08 V                  ; 2.64 V             ; -0.0117 V          ; 0.202 V                             ; 0.176 V                             ; 2.38e-09 s                 ; 2.22e-09 s                 ; No                        ; Yes                       ;
; HEX0[6]       ; 2.5 V        ; 0 s                 ; 0 s                 ; 2.62 V                       ; 2.74e-08 V                   ; 2.73 V              ; -0.0384 V           ; 0.169 V                              ; 0.089 V                              ; 2.7e-10 s                   ; 2.62e-10 s                  ; Yes                        ; Yes                        ; 2.62 V                      ; 2.74e-08 V                  ; 2.73 V             ; -0.0384 V          ; 0.169 V                             ; 0.089 V                             ; 2.7e-10 s                  ; 2.62e-10 s                 ; Yes                       ; Yes                       ;
; HEX1[0]       ; 2.5 V        ; 0 s                 ; 0 s                 ; 2.62 V                       ; 2.74e-08 V                   ; 2.73 V              ; -0.0384 V           ; 0.169 V                              ; 0.089 V                              ; 2.7e-10 s                   ; 2.62e-10 s                  ; Yes                        ; Yes                        ; 2.62 V                      ; 2.74e-08 V                  ; 2.73 V             ; -0.0384 V          ; 0.169 V                             ; 0.089 V                             ; 2.7e-10 s                  ; 2.62e-10 s                 ; Yes                       ; Yes                       ;
; HEX1[1]       ; 2.5 V        ; 0 s                 ; 0 s                 ; 2.62 V                       ; 2.74e-08 V                   ; 2.71 V              ; -0.0317 V           ; 0.148 V                              ; 0.064 V                              ; 4.51e-10 s                  ; 4.15e-10 s                  ; No                         ; Yes                        ; 2.62 V                      ; 2.74e-08 V                  ; 2.71 V             ; -0.0317 V          ; 0.148 V                             ; 0.064 V                             ; 4.51e-10 s                 ; 4.15e-10 s                 ; No                        ; Yes                       ;
; HEX1[2]       ; 2.5 V        ; 0 s                 ; 0 s                 ; 2.62 V                       ; 2.74e-08 V                   ; 2.71 V              ; -0.0317 V           ; 0.148 V                              ; 0.064 V                              ; 4.51e-10 s                  ; 4.15e-10 s                  ; No                         ; Yes                        ; 2.62 V                      ; 2.74e-08 V                  ; 2.71 V             ; -0.0317 V          ; 0.148 V                             ; 0.064 V                             ; 4.51e-10 s                 ; 4.15e-10 s                 ; No                        ; Yes                       ;
; HEX1[3]       ; 2.5 V        ; 0 s                 ; 0 s                 ; 2.62 V                       ; 2.74e-08 V                   ; 2.71 V              ; -0.0317 V           ; 0.148 V                              ; 0.064 V                              ; 4.51e-10 s                  ; 4.15e-10 s                  ; No                         ; Yes                        ; 2.62 V                      ; 2.74e-08 V                  ; 2.71 V             ; -0.0317 V          ; 0.148 V                             ; 0.064 V                             ; 4.51e-10 s                 ; 4.15e-10 s                 ; No                        ; Yes                       ;
; HEX1[4]       ; 2.5 V        ; 0 s                 ; 0 s                 ; 2.62 V                       ; 2.74e-08 V                   ; 2.71 V              ; -0.0317 V           ; 0.148 V                              ; 0.064 V                              ; 4.51e-10 s                  ; 4.15e-10 s                  ; No                         ; Yes                        ; 2.62 V                      ; 2.74e-08 V                  ; 2.71 V             ; -0.0317 V          ; 0.148 V                             ; 0.064 V                             ; 4.51e-10 s                 ; 4.15e-10 s                 ; No                        ; Yes                       ;
; HEX1[5]       ; 2.5 V        ; 0 s                 ; 0 s                 ; 2.62 V                       ; 2.74e-08 V                   ; 2.64 V              ; -0.0117 V           ; 0.202 V                              ; 0.176 V                              ; 2.38e-09 s                  ; 2.22e-09 s                  ; No                         ; Yes                        ; 2.62 V                      ; 2.74e-08 V                  ; 2.64 V             ; -0.0117 V          ; 0.202 V                             ; 0.176 V                             ; 2.38e-09 s                 ; 2.22e-09 s                 ; No                        ; Yes                       ;
; HEX1[6]       ; 2.5 V        ; 0 s                 ; 0 s                 ; 2.62 V                       ; 2.74e-08 V                   ; 2.64 V              ; -0.0117 V           ; 0.202 V                              ; 0.176 V                              ; 2.38e-09 s                  ; 2.22e-09 s                  ; No                         ; Yes                        ; 2.62 V                      ; 2.74e-08 V                  ; 2.64 V             ; -0.0117 V          ; 0.202 V                             ; 0.176 V                             ; 2.38e-09 s                 ; 2.22e-09 s                 ; No                        ; Yes                       ;
; HEX2[0]       ; 2.5 V        ; 0 s                 ; 0 s                 ; 2.62 V                       ; 2.74e-08 V                   ; 2.71 V              ; -0.0317 V           ; 0.148 V                              ; 0.064 V                              ; 4.51e-10 s                  ; 4.15e-10 s                  ; No                         ; Yes                        ; 2.62 V                      ; 2.74e-08 V                  ; 2.71 V             ; -0.0317 V          ; 0.148 V                             ; 0.064 V                             ; 4.51e-10 s                 ; 4.15e-10 s                 ; No                        ; Yes                       ;
; HEX2[1]       ; 2.5 V        ; 0 s                 ; 0 s                 ; 2.62 V                       ; 2.74e-08 V                   ; 2.71 V              ; -0.0317 V           ; 0.148 V                              ; 0.064 V                              ; 4.51e-10 s                  ; 4.15e-10 s                  ; No                         ; Yes                        ; 2.62 V                      ; 2.74e-08 V                  ; 2.71 V             ; -0.0317 V          ; 0.148 V                             ; 0.064 V                             ; 4.51e-10 s                 ; 4.15e-10 s                 ; No                        ; Yes                       ;
; HEX2[2]       ; 2.5 V        ; 0 s                 ; 0 s                 ; 2.62 V                       ; 2.74e-08 V                   ; 2.71 V              ; -0.0317 V           ; 0.148 V                              ; 0.064 V                              ; 4.51e-10 s                  ; 4.15e-10 s                  ; No                         ; Yes                        ; 2.62 V                      ; 2.74e-08 V                  ; 2.71 V             ; -0.0317 V          ; 0.148 V                             ; 0.064 V                             ; 4.51e-10 s                 ; 4.15e-10 s                 ; No                        ; Yes                       ;
; HEX2[3]       ; 2.5 V        ; 0 s                 ; 0 s                 ; 2.62 V                       ; 2.74e-08 V                   ; 2.71 V              ; -0.0317 V           ; 0.148 V                              ; 0.064 V                              ; 4.51e-10 s                  ; 4.15e-10 s                  ; No                         ; Yes                        ; 2.62 V                      ; 2.74e-08 V                  ; 2.71 V             ; -0.0317 V          ; 0.148 V                             ; 0.064 V                             ; 4.51e-10 s                 ; 4.15e-10 s                 ; No                        ; Yes                       ;
; HEX2[4]       ; 2.5 V        ; 0 s                 ; 0 s                 ; 2.62 V                       ; 2.74e-08 V                   ; 2.71 V              ; -0.0317 V           ; 0.148 V                              ; 0.064 V                              ; 4.51e-10 s                  ; 4.15e-10 s                  ; No                         ; Yes                        ; 2.62 V                      ; 2.74e-08 V                  ; 2.71 V             ; -0.0317 V          ; 0.148 V                             ; 0.064 V                             ; 4.51e-10 s                 ; 4.15e-10 s                 ; No                        ; Yes                       ;
; HEX2[5]       ; 2.5 V        ; 0 s                 ; 0 s                 ; 2.62 V                       ; 2.74e-08 V                   ; 2.71 V              ; -0.0317 V           ; 0.148 V                              ; 0.064 V                              ; 4.51e-10 s                  ; 4.15e-10 s                  ; No                         ; Yes                        ; 2.62 V                      ; 2.74e-08 V                  ; 2.71 V             ; -0.0317 V          ; 0.148 V                             ; 0.064 V                             ; 4.51e-10 s                 ; 4.15e-10 s                 ; No                        ; Yes                       ;
; HEX2[6]       ; 2.5 V        ; 0 s                 ; 0 s                 ; 2.62 V                       ; 2.74e-08 V                   ; 2.71 V              ; -0.0317 V           ; 0.148 V                              ; 0.064 V                              ; 4.51e-10 s                  ; 4.15e-10 s                  ; No                         ; Yes                        ; 2.62 V                      ; 2.74e-08 V                  ; 2.71 V             ; -0.0317 V          ; 0.148 V                             ; 0.064 V                             ; 4.51e-10 s                 ; 4.15e-10 s                 ; No                        ; Yes                       ;
; HEX3[0]       ; 2.5 V        ; 0 s                 ; 0 s                 ; 2.62 V                       ; 2.74e-08 V                   ; 2.71 V              ; -0.0317 V           ; 0.148 V                              ; 0.064 V                              ; 4.51e-10 s                  ; 4.15e-10 s                  ; No                         ; Yes                        ; 2.62 V                      ; 2.74e-08 V                  ; 2.71 V             ; -0.0317 V          ; 0.148 V                             ; 0.064 V                             ; 4.51e-10 s                 ; 4.15e-10 s                 ; No                        ; Yes                       ;
; HEX3[1]       ; 2.5 V        ; 0 s                 ; 0 s                 ; 2.62 V                       ; 2.74e-08 V                   ; 2.73 V              ; -0.0384 V           ; 0.169 V                              ; 0.089 V                              ; 2.7e-10 s                   ; 2.62e-10 s                  ; Yes                        ; Yes                        ; 2.62 V                      ; 2.74e-08 V                  ; 2.73 V             ; -0.0384 V          ; 0.169 V                             ; 0.089 V                             ; 2.7e-10 s                  ; 2.62e-10 s                 ; Yes                       ; Yes                       ;
; HEX3[2]       ; 2.5 V        ; 0 s                 ; 0 s                 ; 2.62 V                       ; 4.05e-08 V                   ; 2.64 V              ; -0.0113 V           ; 0.208 V                              ; 0.179 V                              ; 2.38e-09 s                  ; 2.23e-09 s                  ; No                         ; Yes                        ; 2.62 V                      ; 4.05e-08 V                  ; 2.64 V             ; -0.0113 V          ; 0.208 V                             ; 0.179 V                             ; 2.38e-09 s                 ; 2.23e-09 s                 ; No                        ; Yes                       ;
; HEX3[3]       ; 2.5 V        ; 0 s                 ; 0 s                 ; 2.62 V                       ; 4.05e-08 V                   ; 2.72 V              ; -0.0349 V           ; 0.173 V                              ; 0.1 V                                ; 2.72e-10 s                  ; 2.69e-10 s                  ; Yes                        ; Yes                        ; 2.62 V                      ; 4.05e-08 V                  ; 2.72 V             ; -0.0349 V          ; 0.173 V                             ; 0.1 V                               ; 2.72e-10 s                 ; 2.69e-10 s                 ; Yes                       ; Yes                       ;
; HEX3[4]       ; 2.5 V        ; 0 s                 ; 0 s                 ; 2.62 V                       ; 4.05e-08 V                   ; 2.72 V              ; -0.0349 V           ; 0.173 V                              ; 0.1 V                                ; 2.72e-10 s                  ; 2.69e-10 s                  ; Yes                        ; Yes                        ; 2.62 V                      ; 4.05e-08 V                  ; 2.72 V             ; -0.0349 V          ; 0.173 V                             ; 0.1 V                               ; 2.72e-10 s                 ; 2.69e-10 s                 ; Yes                       ; Yes                       ;
; HEX3[5]       ; 2.5 V        ; 0 s                 ; 0 s                 ; 2.62 V                       ; 4.05e-08 V                   ; 2.72 V              ; -0.0349 V           ; 0.173 V                              ; 0.1 V                                ; 2.72e-10 s                  ; 2.69e-10 s                  ; Yes                        ; Yes                        ; 2.62 V                      ; 4.05e-08 V                  ; 2.72 V             ; -0.0349 V          ; 0.173 V                             ; 0.1 V                               ; 2.72e-10 s                 ; 2.69e-10 s                 ; Yes                       ; Yes                       ;
; HEX3[6]       ; 2.5 V        ; 0 s                 ; 0 s                 ; 2.62 V                       ; 4.05e-08 V                   ; 2.72 V              ; -0.0349 V           ; 0.173 V                              ; 0.1 V                                ; 2.72e-10 s                  ; 2.69e-10 s                  ; Yes                        ; Yes                        ; 2.62 V                      ; 4.05e-08 V                  ; 2.72 V             ; -0.0349 V          ; 0.173 V                             ; 0.1 V                               ; 2.72e-10 s                 ; 2.69e-10 s                 ; Yes                       ; Yes                       ;
; HEX4[0]       ; 2.5 V        ; 0 s                 ; 0 s                 ; 2.62 V                       ; 4.05e-08 V                   ; 2.72 V              ; -0.0349 V           ; 0.173 V                              ; 0.1 V                                ; 2.72e-10 s                  ; 2.69e-10 s                  ; Yes                        ; Yes                        ; 2.62 V                      ; 4.05e-08 V                  ; 2.72 V             ; -0.0349 V          ; 0.173 V                             ; 0.1 V                               ; 2.72e-10 s                 ; 2.69e-10 s                 ; Yes                       ; Yes                       ;
; HEX4[1]       ; 2.5 V        ; 0 s                 ; 0 s                 ; 2.62 V                       ; 4.05e-08 V                   ; 2.72 V              ; -0.0349 V           ; 0.173 V                              ; 0.1 V                                ; 2.72e-10 s                  ; 2.69e-10 s                  ; Yes                        ; Yes                        ; 2.62 V                      ; 4.05e-08 V                  ; 2.72 V             ; -0.0349 V          ; 0.173 V                             ; 0.1 V                               ; 2.72e-10 s                 ; 2.69e-10 s                 ; Yes                       ; Yes                       ;
; HEX4[2]       ; 2.5 V        ; 0 s                 ; 0 s                 ; 2.62 V                       ; 4.05e-08 V                   ; 2.72 V              ; -0.0349 V           ; 0.173 V                              ; 0.1 V                                ; 2.72e-10 s                  ; 2.69e-10 s                  ; Yes                        ; Yes                        ; 2.62 V                      ; 4.05e-08 V                  ; 2.72 V             ; -0.0349 V          ; 0.173 V                             ; 0.1 V                               ; 2.72e-10 s                 ; 2.69e-10 s                 ; Yes                       ; Yes                       ;
; HEX4[3]       ; 2.5 V        ; 0 s                 ; 0 s                 ; 2.62 V                       ; 4.05e-08 V                   ; 2.72 V              ; -0.0349 V           ; 0.173 V                              ; 0.1 V                                ; 2.72e-10 s                  ; 2.69e-10 s                  ; Yes                        ; Yes                        ; 2.62 V                      ; 4.05e-08 V                  ; 2.72 V             ; -0.0349 V          ; 0.173 V                             ; 0.1 V                               ; 2.72e-10 s                 ; 2.69e-10 s                 ; Yes                       ; Yes                       ;
; HEX4[4]       ; 2.5 V        ; 0 s                 ; 0 s                 ; 2.62 V                       ; 4.05e-08 V                   ; 2.72 V              ; -0.0349 V           ; 0.173 V                              ; 0.1 V                                ; 2.72e-10 s                  ; 2.69e-10 s                  ; Yes                        ; Yes                        ; 2.62 V                      ; 4.05e-08 V                  ; 2.72 V             ; -0.0349 V          ; 0.173 V                             ; 0.1 V                               ; 2.72e-10 s                 ; 2.69e-10 s                 ; Yes                       ; Yes                       ;
; HEX4[5]       ; 2.5 V        ; 0 s                 ; 0 s                 ; 2.62 V                       ; 4.05e-08 V                   ; 2.72 V              ; -0.0349 V           ; 0.173 V                              ; 0.1 V                                ; 2.72e-10 s                  ; 2.69e-10 s                  ; Yes                        ; Yes                        ; 2.62 V                      ; 4.05e-08 V                  ; 2.72 V             ; -0.0349 V          ; 0.173 V                             ; 0.1 V                               ; 2.72e-10 s                 ; 2.69e-10 s                 ; Yes                       ; Yes                       ;
; HEX4[6]       ; 2.5 V        ; 0 s                 ; 0 s                 ; 2.62 V                       ; 4.05e-08 V                   ; 2.72 V              ; -0.0349 V           ; 0.173 V                              ; 0.1 V                                ; 2.72e-10 s                  ; 2.69e-10 s                  ; Yes                        ; Yes                        ; 2.62 V                      ; 4.05e-08 V                  ; 2.72 V             ; -0.0349 V          ; 0.173 V                             ; 0.1 V                               ; 2.72e-10 s                 ; 2.69e-10 s                 ; Yes                       ; Yes                       ;
; HEX5[0]       ; 2.5 V        ; 0 s                 ; 0 s                 ; 2.62 V                       ; 4.05e-08 V                   ; 2.72 V              ; -0.0349 V           ; 0.173 V                              ; 0.1 V                                ; 2.72e-10 s                  ; 2.69e-10 s                  ; Yes                        ; Yes                        ; 2.62 V                      ; 4.05e-08 V                  ; 2.72 V             ; -0.0349 V          ; 0.173 V                             ; 0.1 V                               ; 2.72e-10 s                 ; 2.69e-10 s                 ; Yes                       ; Yes                       ;
; HEX5[1]       ; 2.5 V        ; 0 s                 ; 0 s                 ; 2.62 V                       ; 4.05e-08 V                   ; 2.64 V              ; -0.0113 V           ; 0.208 V                              ; 0.179 V                              ; 2.38e-09 s                  ; 2.23e-09 s                  ; No                         ; Yes                        ; 2.62 V                      ; 4.05e-08 V                  ; 2.64 V             ; -0.0113 V          ; 0.208 V                             ; 0.179 V                             ; 2.38e-09 s                 ; 2.23e-09 s                 ; No                        ; Yes                       ;
; HEX5[2]       ; 2.5 V        ; 0 s                 ; 0 s                 ; 2.62 V                       ; 4.05e-08 V                   ; 2.72 V              ; -0.0349 V           ; 0.173 V                              ; 0.1 V                                ; 2.72e-10 s                  ; 2.69e-10 s                  ; Yes                        ; Yes                        ; 2.62 V                      ; 4.05e-08 V                  ; 2.72 V             ; -0.0349 V          ; 0.173 V                             ; 0.1 V                               ; 2.72e-10 s                 ; 2.69e-10 s                 ; Yes                       ; Yes                       ;
; HEX5[3]       ; 2.5 V        ; 0 s                 ; 0 s                 ; 2.62 V                       ; 4.05e-08 V                   ; 2.72 V              ; -0.0349 V           ; 0.173 V                              ; 0.1 V                                ; 2.72e-10 s                  ; 2.69e-10 s                  ; Yes                        ; Yes                        ; 2.62 V                      ; 4.05e-08 V                  ; 2.72 V             ; -0.0349 V          ; 0.173 V                             ; 0.1 V                               ; 2.72e-10 s                 ; 2.69e-10 s                 ; Yes                       ; Yes                       ;
; HEX5[4]       ; 2.5 V        ; 0 s                 ; 0 s                 ; 2.62 V                       ; 4.05e-08 V                   ; 2.72 V              ; -0.0349 V           ; 0.173 V                              ; 0.1 V                                ; 2.72e-10 s                  ; 2.69e-10 s                  ; Yes                        ; Yes                        ; 2.62 V                      ; 4.05e-08 V                  ; 2.72 V             ; -0.0349 V          ; 0.173 V                             ; 0.1 V                               ; 2.72e-10 s                 ; 2.69e-10 s                 ; Yes                       ; Yes                       ;
; HEX5[5]       ; 2.5 V        ; 0 s                 ; 0 s                 ; 2.62 V                       ; 4.05e-08 V                   ; 2.72 V              ; -0.0349 V           ; 0.173 V                              ; 0.1 V                                ; 2.72e-10 s                  ; 2.69e-10 s                  ; Yes                        ; Yes                        ; 2.62 V                      ; 4.05e-08 V                  ; 2.72 V             ; -0.0349 V          ; 0.173 V                             ; 0.1 V                               ; 2.72e-10 s                 ; 2.69e-10 s                 ; Yes                       ; Yes                       ;
; HEX5[6]       ; 2.5 V        ; 0 s                 ; 0 s                 ; 2.62 V                       ; 4.05e-08 V                   ; 2.72 V              ; -0.0349 V           ; 0.173 V                              ; 0.1 V                                ; 2.72e-10 s                  ; 2.69e-10 s                  ; Yes                        ; Yes                        ; 2.62 V                      ; 4.05e-08 V                  ; 2.72 V             ; -0.0349 V          ; 0.173 V                             ; 0.1 V                               ; 2.72e-10 s                 ; 2.69e-10 s                 ; Yes                       ; Yes                       ;
; ~ALTERA_DCLK~ ; 2.5 V        ; 0 s                 ; 0 s                 ; 2.62 V                       ; 2.22e-08 V                   ; 2.74 V              ; -0.06 V             ; 0.158 V                              ; 0.08 V                               ; 2.68e-10 s                  ; 2.19e-10 s                  ; Yes                        ; Yes                        ; 2.62 V                      ; 2.22e-08 V                  ; 2.74 V             ; -0.06 V            ; 0.158 V                             ; 0.08 V                              ; 2.68e-10 s                 ; 2.19e-10 s                 ; Yes                       ; Yes                       ;
; ~ALTERA_nCEO~ ; 2.5 V        ; 0 s                 ; 0 s                 ; 2.62 V                       ; 3.54e-08 V                   ; 2.7 V               ; -0.00943 V          ; 0.276 V                              ; 0.035 V                              ; 3.19e-10 s                  ; 4.99e-10 s                  ; No                         ; Yes                        ; 2.62 V                      ; 3.54e-08 V                  ; 2.7 V              ; -0.00943 V         ; 0.276 V                             ; 0.035 V                             ; 3.19e-10 s                 ; 4.99e-10 s                 ; No                        ; Yes                       ;
+---------------+--------------+---------------------+---------------------+------------------------------+------------------------------+---------------------+---------------------+--------------------------------------+--------------------------------------+-----------------------------+-----------------------------+----------------------------+----------------------------+-----------------------------+-----------------------------+--------------------+--------------------+-------------------------------------+-------------------------------------+----------------------------+----------------------------+---------------------------+---------------------------+


+-----------------------------------------------------------------------+
; Setup Transfers                                                       ;
+------------+----------+--------------+----------+----------+----------+
; From Clock ; To Clock ; RR Paths     ; FR Paths ; RF Paths ; FF Paths ;
+------------+----------+--------------+----------+----------+----------+
; clk        ; clk      ; > 2147483647 ; 0        ; 0        ; 0        ;
+------------+----------+--------------+----------+----------+----------+
Entries labeled "false path" only account for clock-to-clock false paths and not path-based false paths. As a result, actual path counts may be lower than reported.


+-----------------------------------------------------------------------+
; Hold Transfers                                                        ;
+------------+----------+--------------+----------+----------+----------+
; From Clock ; To Clock ; RR Paths     ; FR Paths ; RF Paths ; FF Paths ;
+------------+----------+--------------+----------+----------+----------+
; clk        ; clk      ; > 2147483647 ; 0        ; 0        ; 0        ;
+------------+----------+--------------+----------+----------+----------+
Entries labeled "false path" only account for clock-to-clock false paths and not path-based false paths. As a result, actual path counts may be lower than reported.


---------------
; Report TCCS ;
---------------
No dedicated SERDES Transmitter circuitry present in device or used in design


---------------
; Report RSKM ;
---------------
No non-DPA dedicated SERDES Receiver circuitry present in device or used in design


+------------------------------------------------+
; Unconstrained Paths                            ;
+---------------------------------+-------+------+
; Property                        ; Setup ; Hold ;
+---------------------------------+-------+------+
; Illegal Clocks                  ; 0     ; 0    ;
; Unconstrained Clocks            ; 0     ; 0    ;
; Unconstrained Input Ports       ; 17    ; 17   ;
; Unconstrained Input Port Paths  ; 76    ; 76   ;
; Unconstrained Output Ports      ; 42    ; 42   ;
; Unconstrained Output Port Paths ; 168   ; 168  ;
+---------------------------------+-------+------+


+------------------------------------+
; TimeQuest Timing Analyzer Messages ;
+------------------------------------+
Info: *******************************************************************
Info: Running Quartus II 64-Bit TimeQuest Timing Analyzer
    Info: Version 15.0.2 Build 153 07/15/2015 SJ Web Edition
    Info: Processing started: Fri Nov 22 14:58:23 2024
Info: Command: quartus_sta fft_aq_demo -c top
Info: qsta_default_script.tcl version: #11
Warning (20028): Parallel compilation is not licensed and has been disabled
Info (21077): Low junction temperature is 0 degrees C
Info (21077): High junction temperature is 85 degrees C
Critical Warning (332012): Synopsys Design Constraints File file not found: 'top.sdc'. A Synopsys Design Constraints File is required by the TimeQuest Timing Analyzer to get proper timing constraints. Without it, the Compiler will not properly optimize the design.
Info (332142): No user constrained base clocks found in the design. Calling "derive_clocks -period 1.0"
Info (332105): Deriving Clocks
    Info (332105): create_clock -period 1.000 -name clk clk
Info (332143): No user constrained clock uncertainty found in the design. Calling "derive_clock_uncertainty"
Info (332123): Deriving Clock Uncertainty. Please refer to report_sdc in TimeQuest to see clock uncertainties.
Info: Found TIMEQUEST_REPORT_SCRIPT_INCLUDE_DEFAULT_ANALYSIS = ON
Info: Analyzing Slow 1200mV 85C Model
Critical Warning (332148): Timing requirements not met
    Info (11105): For recommendations on closing timing, run Report Timing Closure Recommendations in the TimeQuest Timing Analyzer.
Info (332146): Worst-case setup slack is -22.708
    Info (332119):     Slack       End Point TNS Clock 
    Info (332119): ========= =================== =====================
    Info (332119):   -22.708            -550.165 clk 
Info (332146): Worst-case hold slack is 1.434
    Info (332119):     Slack       End Point TNS Clock 
    Info (332119): ========= =================== =====================
    Info (332119):     1.434               0.000 clk 
Info (332140): No Recovery paths to report
Info (332140): No Removal paths to report
Info (332146): Worst-case minimum pulse width slack is -3.000
    Info (332119):     Slack       End Point TNS Clock 
    Info (332119): ========= =================== =====================
    Info (332119):    -3.000             -80.100 clk 
Info: Analyzing Slow 1200mV 0C Model
Info (334003): Started post-fitting delay annotation
Info (334004): Delay annotation completed successfully
Info (332123): Deriving Clock Uncertainty. Please refer to report_sdc in TimeQuest to see clock uncertainties.
Critical Warning (332148): Timing requirements not met
    Info (11105): For recommendations on closing timing, run Report Timing Closure Recommendations in the TimeQuest Timing Analyzer.
Info (332146): Worst-case setup slack is -20.388
    Info (332119):     Slack       End Point TNS Clock 
    Info (332119): ========= =================== =====================
    Info (332119):   -20.388            -493.213 clk 
Info (332146): Worst-case hold slack is 1.329
    Info (332119):     Slack       End Point TNS Clock 
    Info (332119): ========= =================== =====================
    Info (332119):     1.329               0.000 clk 
Info (332140): No Recovery paths to report
Info (332140): No Removal paths to report
Info (332146): Worst-case minimum pulse width slack is -3.000
    Info (332119):     Slack       End Point TNS Clock 
    Info (332119): ========= =================== =====================
    Info (332119):    -3.000             -80.100 clk 
Info: Analyzing Fast 1200mV 0C Model
Info (332123): Deriving Clock Uncertainty. Please refer to report_sdc in TimeQuest to see clock uncertainties.
Critical Warning (332148): Timing requirements not met
    Info (11105): For recommendations on closing timing, run Report Timing Closure Recommendations in the TimeQuest Timing Analyzer.
Info (332146): Worst-case setup slack is -10.547
    Info (332119):     Slack       End Point TNS Clock 
    Info (332119): ========= =================== =====================
    Info (332119):   -10.547            -245.383 clk 
Info (332146): Worst-case hold slack is 0.651
    Info (332119):     Slack       End Point TNS Clock 
    Info (332119): ========= =================== =====================
    Info (332119):     0.651               0.000 clk 
Info (332140): No Recovery paths to report
Info (332140): No Removal paths to report
Info (332146): Worst-case minimum pulse width slack is -3.000
    Info (332119):     Slack       End Point TNS Clock 
    Info (332119): ========= =================== =====================
    Info (332119):    -3.000             -67.181 clk 
Info (332102): Design is not fully constrained for setup requirements
Info (332102): Design is not fully constrained for hold requirements
Info: Quartus II 64-Bit TimeQuest Timing Analyzer was successful. 0 errors, 5 warnings
    Info: Peak virtual memory: 954 megabytes
    Info: Processing ended: Fri Nov 22 14:58:25 2024
    Info: Elapsed time: 00:00:02
    Info: Total CPU time (on all processors): 00:00:02


